country,freedom,gdp_per_capita,generosity,happiness_rank,happiness_score,healthy_life_expectancy,social_support,trust_government_corruption,year,continent,gdp_support
Switzerland,0.66557,1.39651,0.29678,1,7.587,0.94143,1.34951,0.41978,2015,Europe,1.8846042100999998
Iceland,0.62877,1.30232,0.4363,2,7.561,0.94784,1.40223,0.14145,2015,Europe,1.8261521736
Denmark,0.64938,1.32548,0.34139,3,7.527,0.87464,1.36058,0.48357,2015,Europe,1.8034215783999998
Norway,0.66973,1.459,0.34699,4,7.522,0.88521,1.33095,0.36503,2015,Europe,1.9418560500000002
Canada,0.63297,1.32629,0.45811,5,7.427,0.90563,1.32261,0.32957,2015,America,1.7541644169000001
Finland,0.64169,1.29025,0.23351,6,7.406,0.88911,1.31826,0.41372,2015,Europe,1.7008849649999997
Netherlands,0.61576,1.32944,0.4761,7,7.378,0.89284,1.28017,0.31814,2015,Europe,1.7019092048
Sweden,0.6598,1.33171,0.36262,8,7.364,0.91087,1.28907,0.43844,2015,Europe,1.7166674096999999
New Zealand,0.63938,1.25018,0.47501,9,7.286,0.90837,1.31967,0.42922,2015,Oceania,1.6498250406
Australia,0.65124,1.33358,0.43562,10,7.284,0.93156,1.30923,0.35637,2015,Oceania,1.7459629434
Israel,0.41319,1.22857,0.33172,11,7.278,0.91387,1.22393,0.07785,2015,Asia,1.5036836801
Costa Rica,0.63376,0.95578,0.25497,12,7.226,0.86027,1.23788,0.10583,2015,America,1.1831409464
Austria,0.62433,1.33723,0.33088,13,7.2,0.89042,1.29704,0.18676,2015,Europe,1.7344407992
Mexico,0.48181,1.02054,0.14074,14,7.187,0.81444,0.91451,0.21312,2015,America,0.9332940354
United States,0.54604,1.39451,0.40105,15,7.119,0.86179,1.24711,0.1589,2015,America,1.7391073660999998
Brazil,0.49049,0.98124,0.14574,16,6.983,0.69702,1.23287,0.17521,2015,America,1.2097413587999999
Luxembourg,0.61583,1.56391,0.28034,17,6.946,0.91894,1.21963,0.37798,2015,Europe,1.9073915532999999
Ireland,0.61777,1.33596,0.45901,18,6.94,0.89533,1.36948,0.28703,2015,Europe,1.8295705008
Belgium,0.5845,1.30782,0.2225,19,6.937,0.89667,1.28566,0.2254,2015,Europe,1.6814118612
United Arab Emirates,0.64157,1.42727,0.26428,20,6.901,0.80925,1.12575,0.38583,2015,Asia,1.6067492025
United Kingdom,0.59625,1.26637,0.51912,21,6.867,0.90943,1.28548,0.32067,2015,Europe,1.6278933076
Oman,0.63274,1.36011,0.21542,22,6.853,0.76276,1.08182,0.32524,2015,Asia,1.4713942002
Venezuela,0.42908,1.04424,0.05841,23,6.81,0.72052,1.25596,0.11069,2015,America,1.3115236704
Singapore,0.54252,1.52186,0.31105,24,6.798,1.02525,1.02,0.4921,2015,Asia,1.5522972
Panama,0.5421,1.06353,0.24434,25,6.786,0.79661,1.1985,0.0927,2015,America,1.274640705
Germany,0.61477,1.32792,0.28214,26,6.75,0.89186,1.29937,0.21843,2015,Europe,1.7254594103999998
Chile,0.44132,1.10715,0.33363,27,6.67,0.85857,1.12447,0.12869,2015,America,1.2449569605000002
Qatar,0.6404,1.69042,0.32573,28,6.611,0.79733,1.0786,0.52208,2015,Asia,1.823287012
France,0.55011,1.27778,0.12332,29,6.575,0.94579,1.26038,0.20646,2015,Europe,1.6104883563999999
Argentina,0.44974,1.05351,0.11451,30,6.574,0.78723,1.24823,0.08484,2015,America,1.3150227872999998
Czech Republic,0.46364,1.17898,0.10686,31,6.505,0.84483,1.20643,0.02652,2015,Europe,1.4223568413999998
Uruguay,0.60362,1.06166,0.2324,32,6.485,0.8116,1.2089,0.24558,2015,America,1.2834407740000002
Colombia,0.53466,0.91861,0.18401,33,6.477,0.69077,1.24018,0.0512,2015,America,1.1392417498
Thailand,0.55664,0.9669,0.5763,34,6.455,0.7385,1.26504,0.03187,2015,Asia,1.223167176
Saudi Arabia,0.31048,1.39541,0.13706,35,6.411,0.72025,1.08393,0.32524,2015,Asia,1.5125267613000002
Spain,0.45951,1.23011,0.18227,36,6.329,0.95562,1.31379,0.06398,2015,Europe,1.6161062169
Malta,0.60365,1.2074,0.51752,37,6.302,0.88721,1.30203,0.13586,2015,Europe,1.572071022
Taiwan,0.3974,1.29098,0.25376,38,6.298,0.8753,1.07617,0.08129,2015,Asia,1.3893139466000002
Kuwait,0.55499,1.55422,0.16228,39,6.295,0.72492,1.16594,0.25609,2015,Asia,1.8121272668
Suriname,0.59657,0.99534,0.16991,40,6.269,0.6082,0.972,0.13633,2015,America,0.96747048
Trinidad and Tobago,0.55884,1.21183,0.31844,41,6.168,0.61483,1.18354,0.0114,2015,America,1.4342492782
El Salvador,0.4035,0.76454,0.10692,42,6.13,0.67737,1.02507,0.11776,2015,America,0.7837070178
Guatemala,0.57733,0.74553,0.27489,43,6.123,0.64425,1.04356,0.09472,2015,America,0.7780052868
Uzbekistan,0.65821,0.63244,0.22837,44,6.003,0.59772,1.34043,0.30826,2015,Asia,0.8477415492
Slovakia,0.31751,1.16891,0.16893,45,5.995,0.78902,1.26999,0.03431,2015,Europe,1.4845040108999998
Japan,0.49615,1.27074,0.10705,46,5.987,0.99111,1.25712,0.1806,2015,Asia,1.5974726688
South Korea,0.33208,1.24461,0.18557,47,5.984,0.96538,0.95774,0.07857,2015,Asia,1.1920127814
Ecuador,0.48574,0.86402,0.11541,48,5.975,0.79075,0.99903,0.1809,2015,America,0.8631819006
Bahrain,0.45492,1.32376,0.17362,49,5.96,0.74716,1.21624,0.306,2015,Asia,1.6100098624
Italy,0.26236,1.25114,0.22823,50,5.948,0.95446,1.19777,0.02901,2015,Europe,1.4985779577999998
Bolivia,0.57414,0.68133,0.20536,51,5.89,0.5392,0.97841,0.088,2015,America,0.6666200852999999
Moldova,0.32818,0.59448,0.20951,52,5.889,0.61826,1.01528,0.01615,2015,Europe,0.6035636544
Paraguay,0.53899,0.75985,0.3424,53,5.878,0.66098,1.30477,0.08242,2015,America,0.9914294845
Kazakhstan,0.51649,1.12254,0.11827,54,5.855,0.64368,1.12241,0.08454,2015,Asia,1.2599501214
Slovenia,0.60855,1.18498,0.25328,55,5.848,0.87337,1.27385,0.03787,2015,Europe,1.509486773
Lithuania,0.21342,1.14723,0.02641,56,5.833,0.73128,1.25745,0.01031,2015,Europe,1.4425843635
Nicaragua,0.55475,0.59325,0.27815,57,5.828,0.74314,1.14184,0.19317,2015,America,0.67739658
Peru,0.41496,0.90019,0.14982,58,5.824,0.73017,0.97459,0.05989,2015,America,0.8773161721
Belarus,0.37938,1.03192,0.11046,59,5.813,0.73608,1.23289,0.1909,2015,Europe,1.2722438488
Poland,0.53122,1.12555,0.16759,60,5.791,0.77903,1.27948,0.04212,2015,Europe,1.440118714
Malaysia,0.53024,1.12486,0.33075,61,5.77,0.72394,1.07023,0.10501,2015,Asia,1.2038589178
Croatia,0.25883,1.08254,0.05444,62,5.759,0.78805,0.79624,0.0243,2015,Europe,0.8619616496
Libya,0.41668,1.13145,0.18295,63,5.754,0.7038,1.11862,0.11023,2015,Africa,1.265662599
Russia,0.36679,1.13764,0.00199,64,5.716,0.66926,1.23617,0.03005,2015,Europe,1.4063164388
Jamaica,0.50442,0.81038,0.2123,65,5.709,0.68741,1.15102,0.02299,2015,America,0.9327635875999999
North Cyprus,0.49027,1.20806,0.26169,66,5.695,0.92356,1.07008,0.1428,2015,Europe,1.2927208447999998
Cyprus,0.40672,1.20813,0.30638,67,5.689,0.92356,0.89318,0.06146,2015,Europe,1.0790775534
Algeria,0.28579,0.93929,0.07822,68,5.605,0.61766,1.07772,0.17383,2015,Africa,1.0122916188
Kosovo,0.24749,0.80148,0.2831,69,5.589,0.63132,0.81198,0.04741,2015,Europe,0.6507857304
Turkmenistan,0.4761,0.95847,0.16979,70,5.548,0.53886,1.22668,0.30844,2015,Asia,1.1757359796
Mauritius,0.56066,1.00761,0.37744,71,5.477,0.7095,0.98521,0.07521,2015,Africa,0.9927074480999999
Hong Kong,0.59608,1.38604,0.39478,72,5.474,1.01328,1.05818,0.37124,2015,Asia,1.4666798071999998
Estonia,0.44888,1.15174,0.0868,73,5.429,0.77361,1.22791,0.15184,2015,Europe,1.4142330634
Indonesia,0.46611,0.82827,0.51535,74,5.399,0.63793,1.08708,0.0,2015,Asia,0.9003957516
Vietnam,0.59444,0.63216,0.1686,75,5.36,0.74676,0.91226,0.10441,2015,Asia,0.5766942816
Turkey,0.22815,1.06098,0.12253,76,5.332,0.73172,0.94632,0.15746,2015,Asia,1.0040265936000001
Kyrgyzstan,0.43477,0.47428,0.3003,77,5.286,0.65088,1.15115,0.04232,2015,Asia,0.5459674219999999
Nigeria,0.34334,0.65435,0.27233,78,5.268,0.16007,0.90432,0.0403,2015,Africa,0.591741792
Bhutan,0.53206,0.77042,0.47998,79,5.253,0.57407,1.10395,0.15445,2015,Asia,0.850505159
Azerbaijan,0.3703,1.02389,0.07799,80,5.212,0.64045,0.93793,0.16065,2015,Asia,0.9603371477
Pakistan,0.12102,0.59543,0.33671,81,5.194,0.51466,0.41411,0.10464,2015,Asia,0.2465735173
Jordan,0.40661,0.90198,0.11053,82,5.192,0.69639,1.05392,0.14293,2015,Asia,0.9506147616
Montenegro,0.1826,0.97438,0.1614,82,5.192,0.72521,0.90557,0.14296,2015,Europe,0.8823692966
China,0.51697,0.89012,0.08185,84,5.14,0.81658,0.94675,0.02781,2015,Asia,0.84272111
Zambia,0.48827,0.47038,0.19591,85,5.129,0.29924,0.91612,0.12468,2015,Africa,0.43092452560000005
Romania,0.35068,1.04345,0.13748,86,5.124,0.7689,0.88588,0.00649,2015,Europe,0.924371486
Serbia,0.20107,0.92053,0.19231,87,5.123,0.74836,1.00964,0.02617,2015,Europe,0.9294039092
Portugal,0.51469,1.15991,0.13719,88,5.102,0.87519,1.13935,0.01078,2015,Europe,1.3215434585
Latvia,0.29671,1.11312,0.18226,89,5.098,0.72437,1.09562,0.06332,2015,Europe,1.2195565344000001
Philippines,0.62545,0.70532,0.24991,90,5.073,0.58114,1.03516,0.12279,2015,Asia,0.7301190512
Somaliland region,0.46582,0.18847,0.50318,91,5.057,0.43873,0.95152,0.39928,2015,Africa,0.1793329744
Morocco,0.41691,0.73479,0.07172,92,5.013,0.60954,0.64095,0.08546,2015,Africa,0.47096365050000005
Macedonia,0.33457,0.91851,0.22359,93,5.007,0.73545,1.00232,0.05327,2015,Europe,0.9206409432000001
Mozambique,0.34037,0.08308,0.22269,94,4.971,0.09131,1.02626,0.15603,2015,Africa,0.0852616808
Albania,0.35733,0.87867,0.14272,95,4.959,0.81325,0.80434,0.06413,2015,Other,0.7067494278
Bosnia and Herzegovina,0.09245,0.83223,0.24808,96,4.949,0.79081,0.91916,0.00227,2015,Other,0.7649525268
Lesotho,0.31767,0.37545,0.16388,97,4.898,0.07612,1.04103,0.12504,2015,Africa,0.39085471349999995
Dominican Republic,0.57672,0.89537,0.21684,98,4.885,0.66825,1.17202,0.14234,2015,America,1.0493915474
Laos,0.59591,0.59066,0.42192,99,4.876,0.54909,0.73803,0.24249,2015,Asia,0.43592479979999993
Mongolia,0.43626,0.82819,0.3323,100,4.874,0.60268,1.3006,0.02666,2015,Other,1.0771439139999999
Swaziland,0.30658,0.71206,0.18259,101,4.867,0.07566,1.07284,0.0306,2015,Africa,0.7639264504000001
Greece,0.07699,1.15406,0.0,102,4.857,0.88213,0.92933,0.01397,2015,Europe,1.0725025798
Lebanon,0.33916,1.02564,0.21854,103,4.839,0.83947,0.80001,0.04582,2015,Asia,0.8205222564000001
Hungary,0.32112,1.12094,0.128,104,4.8,0.75905,1.20215,0.02758,2015,Europe,1.347538021
Honduras,0.40148,0.59532,0.23027,105,4.788,0.6951,0.95348,0.06825,2015,America,0.5676257135999999
Tajikistan,0.47216,0.39047,0.22974,106,4.786,0.57379,0.85563,0.15072,2015,Other,0.3340978461
Tunisia,0.26268,0.88113,0.06431,107,4.739,0.73793,0.60429,0.06358,2015,Africa,0.5324580476999999
Palestinian Territories,0.24499,0.59867,0.11251,108,4.715,0.66015,0.92558,0.12905,2015,Asia,0.5541169786
Bangladesh,0.4082,0.39753,0.21222,109,4.694,0.60164,0.43106,0.12569,2015,Asia,0.17135928179999999
Iran,0.30033,1.0088,0.38086,110,4.686,0.69805,0.54447,0.05863,2015,Asia,0.5492613359999999
Ukraine,0.25123,0.79907,0.15275,111,4.681,0.6739,1.20278,0.02961,2015,Europe,0.9611054145999999
Iraq,0.0,0.98549,0.17922,112,4.677,0.60237,0.81889,0.13788,2015,Asia,0.8070079061
South Africa,0.33207,0.92049,0.11973,113,4.642,0.27688,1.18468,0.08884,2015,Africa,1.0904860932
Ghana,0.42342,0.54558,0.23087,114,4.633,0.40132,0.67954,0.04355,2015,Africa,0.37074343319999997
Zimbabwe,0.25861,0.271,0.18987,115,4.61,0.33475,1.03276,0.08079,2015,Africa,0.27987796
Liberia,0.28531,0.0712,0.24362,116,4.571,0.34201,0.78968,0.06232,2015,Africa,0.056225216
India,0.39786,0.64499,0.26475,117,4.565,0.51529,0.38174,0.08492,2015,Asia,0.2462184826
Sudan,0.10081,0.52107,0.19062,118,4.55,0.36878,1.01404,0.1466,2015,Africa,0.5283858228
Haiti,0.24425,0.26673,0.46187,119,4.518,0.38847,0.74302,0.17175,2015,America,0.19818572460000003
Congo (Kinshasa),0.22605,0.0,0.24834,120,4.517,0.09806,1.0012,0.07625,2015,Africa,0.0
Nepal,0.38282,0.35997,0.32296,121,4.514,0.56874,0.86449,0.05907,2015,Asia,0.3111904653
Ethiopia,0.4345,0.19073,0.24325,122,4.512,0.44055,0.60406,0.15048,2015,Africa,0.11521236380000001
Sierra Leone,0.4084,0.33024,0.21488,123,4.507,0.0,0.95571,0.08786,2015,Africa,0.31561367039999993
Mauritania,0.24232,0.45407,0.219,124,4.436,0.35874,0.86908,0.17461,2015,Africa,0.39462315559999994
Kenya,0.42215,0.36471,0.37542,125,4.419,0.41435,0.99876,0.05839,2015,Africa,0.36425775959999995
Djibouti,0.46074,0.44025,0.18093,126,4.369,0.36291,0.59207,0.28105,2015,Africa,0.2606588175
Armenia,0.19847,0.76821,0.07855,127,4.35,0.7299,0.77711,0.039,2015,Asia,0.5969836730999999
Botswana,0.49495,0.99355,0.10461,128,4.332,0.04776,1.10464,0.12474,2015,Other,1.0975150720000002
Myanmar,0.44017,0.27108,0.79588,129,4.307,0.48246,0.70905,0.19034,2015,Asia,0.19220927399999999
Georgia,0.40577,0.7419,0.05547,130,4.297,0.72926,0.38562,0.38331,2015,Asia,0.286091478
Malawi,0.43054,0.01604,0.33128,131,4.292,0.22562,0.41134,0.06977,2015,Other,0.006597893599999999
Sri Lanka,0.53726,0.83524,0.40828,132,4.271,0.70806,1.01905,0.09179,2015,Asia,0.851151322
Cameroon,0.49309,0.4225,0.20618,133,4.252,0.23402,0.88767,0.05786,2015,Africa,0.375040575
Bulgaria,0.30587,1.01216,0.11921,134,4.218,0.76649,1.10614,0.00872,2015,Europe,1.1195906623999998
Egypt,0.17288,0.8818,0.11291,135,4.194,0.61712,0.747,0.06324,2015,Africa,0.6587046
Yemen,0.35571,0.54649,0.09131,136,4.077,0.40064,0.68093,0.07854,2015,Other,0.37212143570000006
Angola,0.10384,0.75778,0.12344,137,4.033,0.16683,0.8604,0.07122,2015,Africa,0.651993912
Mali,0.38857,0.26074,0.18798,138,3.995,0.20583,1.03526,0.12352,2015,Africa,0.26993369240000004
Congo (Brazzaville),0.41466,0.67866,0.12388,139,3.989,0.31051,0.6629,0.11686,2015,Africa,0.44988371400000005
Comoros,0.22917,0.23906,0.17441,140,3.956,0.36315,0.79273,0.199,2015,Africa,0.1895100338
Uganda,0.45727,0.21102,0.29066,141,3.931,0.33861,1.13299,0.07267,2015,Africa,0.2390835498
Senegal,0.36772,0.36498,0.20843,142,3.904,0.4354,0.97619,0.10713,2015,Africa,0.35628982620000005
Gabon,0.31914,1.06024,0.06822,143,3.896,0.43372,0.90528,0.11091,2015,Africa,0.9598140672000001
Niger,0.47692,0.0694,0.19387,144,3.845,0.29707,0.77265,0.15639,2015,Africa,0.05362191
Cambodia,0.66246,0.46038,0.40359,145,3.819,0.61114,0.62736,0.07247,2015,Asia,0.28882399680000004
Tanzania,0.32878,0.2852,0.34377,146,3.781,0.38215,1.00268,0.05747,2015,Africa,0.28596433600000004
Madagascar,0.19184,0.20824,0.21333,147,3.681,0.46721,0.66801,0.08124,2015,Africa,0.1391064024
Central African Republic,0.48879,0.0785,0.23835,148,3.678,0.06699,0.0,0.08289,2015,Africa,0.0
Chad,0.23501,0.34193,0.18386,149,3.667,0.1501,0.76062,0.05269,2015,Africa,0.2600787966
Guinea,0.37725,0.17417,0.28657,150,3.656,0.24009,0.46475,0.12139,2015,Africa,0.0809455075
Ivory Coast,0.46866,0.46534,0.20165,151,3.655,0.15185,0.77115,0.17922,2015,Africa,0.358846941
Burkina Faso,0.39493,0.25812,0.21747,152,3.587,0.27125,0.85188,0.12832,2015,Africa,0.2198872656
Afghanistan,0.23414,0.31982,0.3651,153,3.575,0.30335,0.30285,0.09719,2015,Asia,0.096857487
Rwanda,0.59201,0.22208,0.22628,154,3.465,0.42864,0.7737,0.55191,2015,Africa,0.17182329600000001
Benin,0.4845,0.28665,0.1826,155,3.34,0.3191,0.35386,0.0801,2015,Africa,0.10143396900000001
Syria,0.15684,0.6632,0.47179,156,3.006,0.72193,0.47489,0.18906,2015,Asia,0.314947048
Burundi,0.1185,0.0153,0.19727,157,2.905,0.22396,0.41587,0.10062,2015,Africa,0.006362811
Togo,0.36453,0.20868,0.16681,158,2.839,0.28443,0.13995,0.10731,2015,Africa,0.029204766
Denmark,0.57941,1.44178,0.36171,1,7.526,0.79504,1.16374,0.44453,2016,Europe,1.6778570572
Switzerland,0.58557,1.52733,0.28083,2,7.509,0.86303,1.14524,0.41203,2016,Europe,1.7491594092000002
Iceland,0.56624,1.42666,0.47678,3,7.501,0.86733,1.18326,0.14975,2016,Europe,1.6881097116000001
Norway,0.59609,1.57744,0.37895,4,7.498,0.79579,1.1269,0.35776,2016,Europe,1.777617136
Finland,0.57104,1.40598,0.25492,5,7.413,0.81091,1.13464,0.41004,2016,Europe,1.5952811472000001
Canada,0.5737,1.44015,0.44834,6,7.404,0.8276,1.0961,0.31329,2016,America,1.5785484150000002
Netherlands,0.55211,1.46468,0.47416,7,7.339,0.81231,1.02912,0.29927,2016,Europe,1.5073314816
New Zealand,0.58147,1.36066,0.49401,8,7.334,0.83096,1.17278,0.41904,2016,Oceania,1.5957548348
Australia,0.56837,1.44443,0.47407,9,7.313,0.8512,1.10476,0.32331,2016,Oceania,1.5957484868
Sweden,0.58218,1.45181,0.38254,10,7.291,0.83121,1.08764,0.40867,2016,Europe,1.5790466284
Israel,0.36432,1.33766,0.32288,11,7.267,0.84917,0.99537,0.08728,2016,Asia,1.3314666342
Austria,0.54355,1.45038,0.32865,12,7.119,0.80565,1.08383,0.21348,2016,Europe,1.5719653554000002
United States,0.48163,1.50796,0.41077,13,7.104,0.779,1.04782,0.14868,2016,America,1.5800706472
Costa Rica,0.55225,1.06879,0.22553,14,7.087,0.76146,1.02152,0.10547,2016,America,1.0917903608
Puerto Rico,0.46823,1.35943,0.22202,15,7.039,0.77758,1.08113,0.12275,2016,America,1.4697205558999997
Germany,0.53466,1.44787,0.30452,16,6.994,0.81487,1.09774,0.28551,2016,Europe,1.5893848138
Brazil,0.40425,1.08754,0.15776,17,6.952,0.61415,1.03938,0.14166,2016,America,1.1303673252
Belgium,0.51354,1.42539,0.2424,18,6.929,0.81959,1.05249,0.26248,2016,Europe,1.5002087211
Ireland,0.54008,1.48341,0.44963,19,6.907,0.81455,1.16157,0.29754,2016,Europe,1.7230845537
Luxembourg,0.5487,1.69752,0.27571,20,6.871,0.84542,1.03999,0.35329,2016,Europe,1.7654038248
Mexico,0.37709,1.11508,0.11735,21,6.778,0.71143,0.7146,0.18355,2016,America,0.796836168
Singapore,0.4877,1.64555,0.32706,22,6.739,0.94719,0.86758,0.46987,2016,Asia,1.427646269
United Kingdom,0.50036,1.40283,0.50156,23,6.725,0.80991,1.08672,0.27399,2016,Europe,1.5244834176
Chile,0.37789,1.2167,0.31595,24,6.705,0.81883,0.90587,0.11451,2016,America,1.1021720289999999
Panama,0.48927,1.18306,0.2418,25,6.701,0.70835,0.98912,0.08423,2016,America,1.1701883071999999
Argentina,0.42284,1.15137,0.10989,26,6.65,0.69711,1.06612,0.07296,2016,America,1.2274985844
Czech Republic,0.41418,1.30915,0.09929,27,6.596,0.76376,1.00793,0.03986,2016,Europe,1.3195315595000001
United Arab Emirates,0.56215,1.57352,0.26591,28,6.573,0.72993,0.87114,0.35561,2016,Asia,1.3707562128000002
Uruguay,0.54388,1.18157,0.18056,29,6.545,0.72183,1.03143,0.21394,2016,America,1.2187067451
Malta,0.54994,1.30782,0.56237,30,6.488,0.80315,1.09879,0.17554,2016,Europe,1.4370195378
Colombia,0.44735,1.03032,0.15626,31,6.481,0.59659,1.02169,0.05399,2016,America,1.0526676408
France,0.46562,1.39488,0.1216,32,6.478,0.83795,1.00508,0.17808,2016,Europe,1.4019659904
Thailand,0.49553,1.0893,0.58696,33,6.474,0.64915,1.04477,0.02833,2016,Asia,1.138067961
Saudi Arabia,0.37904,1.48953,0.15457,34,6.379,0.59267,0.84829,0.30008,2016,Asia,1.2635534037
Taiwan,0.32377,1.39729,0.25495,34,6.379,0.79565,0.92624,0.0663,2016,Asia,1.2942258895999998
Qatar,0.56679,1.82427,0.32388,36,6.375,0.71723,0.87964,0.48049,2016,Asia,1.6047008628
Spain,0.37545,1.34253,0.17665,37,6.361,0.87896,1.12945,0.06137,2016,Europe,1.5163205085
Algeria,0.21006,1.05266,0.07044,38,6.355,0.61804,0.83309,0.16157,2016,Africa,0.8769605194
Guatemala,0.50379,0.83454,0.28808,39,6.324,0.54039,0.87119,0.08701,2016,America,0.7270429025999999
Suriname,0.52234,1.09686,0.16665,40,6.269,0.50933,0.77866,0.12692,2016,America,0.8540810075999999
Kuwait,0.43166,1.61714,0.15965,41,6.239,0.63569,0.87758,0.23669,2016,Asia,1.4191697212
Bahrain,0.47375,1.44024,0.17147,42,6.218,0.65696,0.94397,0.25772,2016,Asia,1.3595433527999998
Trinidad and Tobago,0.48453,1.32572,0.31935,43,6.168,0.52608,0.98569,0.01241,2016,America,1.3067489468
Venezuela,0.19847,1.13367,0.0425,44,6.084,0.61904,1.03302,0.08304,2016,America,1.1711037834
Slovakia,0.23391,1.27973,0.13837,45,6.078,0.70367,1.08268,0.02947,2016,Europe,1.3855380764
El Salvador,0.37269,0.8737,0.08877,46,6.068,0.596,0.80975,0.10613,2016,America,0.707478575
Malaysia,0.39031,1.25142,0.41474,47,6.005,0.62366,0.88025,0.09081,2016,Asia,1.101562455
Nicaragua,0.46582,0.69384,0.29773,48,5.992,0.65213,0.89521,0.16292,2016,America,0.6211325064
Uzbekistan,0.60848,0.73591,0.34326,49,5.987,0.50163,1.1681,0.28333,2016,Asia,0.8596164709999999
Italy,0.18827,1.35495,0.16684,50,5.977,0.85102,1.04167,0.02556,2016,Europe,1.4114107665000002
Ecuador,0.4027,0.97306,0.10074,51,5.976,0.68613,0.85974,0.18037,2016,America,0.8365786044
Belize,0.51231,0.87616,0.23684,52,5.956,0.45569,0.68655,0.10771,2016,America,0.601527648
Japan,0.46761,1.38007,0.10224,53,5.921,0.91491,1.06054,0.18985,2016,Asia,1.4636194378
Kazakhstan,0.4052,1.22943,0.15011,54,5.919,0.57386,0.95544,0.11132,2016,Asia,1.1746465992
Moldova,0.25202,0.69177,0.19997,55,5.897,0.52309,0.83132,0.01903,2016,Europe,0.5750822364
Russia,0.32682,1.23228,0.02736,56,5.856,0.58991,1.05261,0.03586,2016,Europe,1.2971102508
Poland,0.4519,1.24585,0.14443,57,5.835,0.69058,1.04685,0.055,2016,Europe,1.3042180724999999
South Korea,0.25168,1.35948,0.18824,57,5.835,0.88645,0.72194,0.07716,2016,Asia,0.9814629912
Bolivia,0.50961,0.79422,0.21698,59,5.822,0.4697,0.83779,0.07746,2016,America,0.6653895738000001
Lithuania,0.18929,1.2692,0.02025,60,5.813,0.64674,1.06411,0.0182,2016,Europe,1.3505684119999999
Belarus,0.29091,1.13062,0.13942,61,5.802,0.63104,1.04993,0.17457,2016,Europe,1.1870718566
North Cyprus,0.43596,1.31141,0.26322,62,5.771,0.84142,0.81826,0.16578,2016,Europe,1.0730743466
Slovenia,0.53164,1.29947,0.25738,63,5.768,0.79151,1.05613,0.03635,2016,Europe,1.3724092511
Peru,0.37502,0.99602,0.14527,64,5.743,0.62994,0.81255,0.05292,2016,America,0.809316051
Turkmenistan,0.37408,1.08017,0.22567,65,5.658,0.44006,1.03817,0.28467,2016,Asia,1.1214000889000002
Mauritius,0.46145,1.14372,0.36951,66,5.648,0.66189,0.75695,0.05203,2016,Africa,0.8657388540000001
Libya,0.40672,1.06688,0.17087,67,5.615,0.52304,0.95076,0.10339,2016,Africa,1.0143468288000002
Latvia,0.27996,1.21788,0.17445,68,5.56,0.63952,0.95025,0.0889,2016,Europe,1.1572904700000002
Cyprus,0.29507,1.31857,0.27906,69,5.546,0.8488,0.70697,0.05228,2016,Europe,0.9321894329
Paraguay,0.46235,0.89373,0.25296,70,5.538,0.58295,1.11111,0.07396,2016,America,0.9930323403000001
Romania,0.36712,1.1697,0.12889,71,5.528,0.67602,0.72803,0.00679,2016,Europe,0.8515766909999999
Estonia,0.41511,1.27964,0.08423,72,5.517,0.68098,1.05163,0.18519,2016,Europe,1.3457078132000002
Jamaica,0.43597,0.89333,0.22245,73,5.51,0.59469,0.96372,0.04294,2016,America,0.8609199876
Croatia,0.23907,1.18649,0.18434,74,5.488,0.70524,0.60809,0.04002,2016,Europe,0.7214927041000001
Hong Kong,0.48079,1.5107,0.40097,75,5.458,0.95277,0.87021,0.31647,2016,Asia,1.314626247
Somalia,0.56778,0.0,0.27225,76,5.44,0.11466,0.33613,0.3118,2016,Africa,0.0
Kosovo,0.14396,0.90145,0.27992,77,5.401,0.54,0.66062,0.06547,2016,Europe,0.595515899
Turkey,0.23889,1.16492,0.04707,78,5.389,0.64718,0.87717,0.12348,2016,Asia,1.0218328764
Indonesia,0.39237,0.95104,0.56521,79,5.314,0.49374,0.87625,0.00322,2016,Asia,0.8333488
Jordan,0.36023,0.99673,0.14262,80,5.303,0.60712,0.86216,0.13297,2016,Asia,0.8593407368
Azerbaijan,0.35327,1.12373,0.0564,81,5.291,0.54504,0.76042,0.17914,2016,Asia,0.8545067665999999
Philippines,0.54854,0.81217,0.21674,82,5.279,0.47036,0.87877,0.11757,2016,Asia,0.7137106309
China,0.44012,1.0278,0.04959,83,5.245,0.73561,0.79381,0.02745,2016,Asia,0.8158779180000001
Bhutan,0.46074,0.8527,0.48546,84,5.196,0.49759,0.90836,0.1616,2016,Asia,0.774558572
Kyrgyzstan,0.40212,0.56044,0.38432,85,5.185,0.55449,0.95434,0.04762,2016,Asia,0.5348503096
Serbia,0.15718,1.03437,0.20737,86,5.177,0.6458,0.81329,0.04339,2016,Europe,0.8412427773
Bosnia and Herzegovina,0.09511,0.93383,0.29889,87,5.163,0.70766,0.64367,0.0,2016,Other,0.6010783561
Montenegro,0.15111,1.07838,0.17191,88,5.161,0.63533,0.74173,0.12721,2016,Europe,0.7998667973999999
Dominican Republic,0.52259,1.02787,0.21286,89,5.155,0.57669,0.99496,0.12372,2016,America,1.0226895352
Morocco,0.25646,0.84058,0.04053,90,5.151,0.59471,0.38595,0.08404,2016,Africa,0.324421851
Hungary,0.1977,1.24142,0.099,91,5.145,0.67608,0.93164,0.04472,2016,Europe,1.1565565288
Pakistan,0.14622,0.68816,0.31185,92,5.132,0.40306,0.26135,0.1388,2016,Asia,0.17985061600000002
Lebanon,0.26228,1.12268,0.23693,93,5.129,0.76171,0.64184,0.03061,2016,Asia,0.7205809311999999
Portugal,0.44727,1.27607,0.11691,94,5.123,0.79363,0.94367,0.01521,2016,Europe,1.2041889769
Macedonia,0.27668,1.0193,0.23507,95,5.121,0.64738,0.78236,0.07047,2016,Europe,0.7974595480000002
Vietnam,0.55954,0.74037,0.25075,96,5.061,0.66157,0.79117,0.11556,2016,Asia,0.5857585329
Somaliland Region,0.3913,0.25558,0.51479,97,5.057,0.33108,0.75862,0.36794,2016,Africa,0.19388809959999997
Tunisia,0.23553,0.97724,0.03936,98,5.045,0.59577,0.43165,0.0817,2016,Africa,0.421825646
Greece,0.05822,1.24886,0.0,99,5.033,0.80029,0.75473,0.04127,2016,Europe,0.9425521078000001
Tajikistan,0.43408,0.48835,0.25998,100,4.996,0.53119,0.75602,0.13509,2016,Other,0.36920236700000003
Mongolia,0.35972,0.98853,0.34539,101,4.907,0.55469,1.08983,0.03285,2016,Other,1.0773296499
Laos,0.52168,0.68042,0.43079,102,4.876,0.38291,0.5497,0.22423,2016,Asia,0.374026874
Nigeria,0.27854,0.75216,0.23219,103,4.875,0.05108,0.64498,0.0305,2016,Africa,0.48512815680000004
Honduras,0.26755,0.69429,0.2044,104,4.871,0.58383,0.75596,0.06906,2016,America,0.5248554684
Iran,0.22544,1.11758,0.38538,105,4.813,0.64232,0.38857,0.0557,2016,Asia,0.43425806060000005
Zambia,0.42662,0.61202,0.17866,106,4.795,0.23573,0.6376,0.11479,2016,Africa,0.390223952
Nepal,0.37012,0.44626,0.3816,107,4.793,0.50073,0.69699,0.07008,2016,Asia,0.3110387574
Palestinian Territories,0.17744,0.67024,0.11154,108,4.754,0.56844,0.71629,0.10613,2016,Asia,0.4800862095999999
Albania,0.31866,0.9553,0.1684,109,4.655,0.73007,0.50163,0.05301,2016,Other,0.47920713900000006
Bangladesh,0.39778,0.54177,0.19132,110,4.643,0.52989,0.24749,0.12583,2016,Asia,0.1340826573
Sierra Leone,0.30685,0.36485,0.23897,111,4.635,0.0,0.628,0.08196,2016,Africa,0.22912580000000002
Iraq,0.24856,1.07474,0.19589,112,4.575,0.51076,0.59205,0.13636,2016,Asia,0.6362998169999999
Namibia,0.48614,0.93287,0.07795,113,4.574,0.34745,0.70362,0.10398,2016,Africa,0.6563859894
Cameroon,0.42736,0.52497,0.2268,114,4.513,0.12698,0.62542,0.06126,2016,Africa,0.3283267374
Ethiopia,0.36703,0.29283,0.29522,115,4.508,0.34578,0.37932,0.1717,2016,Africa,0.1110762756
South Africa,0.42483,1.02416,0.13656,116,4.459,0.18611,0.96053,0.08415,2016,Africa,0.9837364047999999
Sri Lanka,0.50817,0.97318,0.46978,117,4.415,0.62007,0.84783,0.07964,2016,Asia,0.8250911994
India,0.40285,0.74036,0.25028,118,4.404,0.45091,0.29247,0.08722,2016,Asia,0.2165330892
Myanmar,0.42692,0.34112,0.81971,119,4.395,0.3988,0.69981,0.20243,2016,Asia,0.2387191872
Egypt,0.18847,0.95395,0.12706,120,4.362,0.52116,0.49813,0.10393,2016,Africa,0.4751911135
Armenia,0.14037,0.86086,0.07793,121,4.36,0.64083,0.62477,0.03616,2016,Asia,0.5378395022
Kenya,0.40576,0.52267,0.41328,122,4.356,0.30147,0.7624,0.06686,2016,Africa,0.39848360799999993
Ukraine,0.12859,0.87287,0.20363,123,4.324,0.58628,1.01413,0.01829,2016,Europe,0.8852036531
Ghana,0.40973,0.63107,0.21203,124,4.276,0.29681,0.49353,0.0326,2016,Africa,0.3114519771
Congo (Kinshasa),0.15602,0.05661,0.25458,125,4.272,0.188,0.80676,0.06075,2016,Africa,0.045670683600000005
Georgia,0.32461,0.83792,0.06786,126,4.252,0.64035,0.19249,0.3188,2016,Asia,0.1612912208
Congo (Brazzaville),0.37938,0.77109,0.12077,127,4.236,0.28212,0.47799,0.09753,2016,Africa,0.3685733091
Senegal,0.31056,0.44314,0.19103,128,4.219,0.40457,0.77416,0.11681,2016,Africa,0.34306126239999996
Bulgaria,0.21219,1.11306,0.12793,129,4.217,0.67806,0.92542,0.00615,2016,Europe,1.0300479852
Mauritania,0.1268,0.61391,0.22686,130,4.201,0.28639,0.84142,0.17955,2016,Africa,0.5165561522
Zimbabwe,0.25429,0.35041,0.18503,131,4.193,0.1595,0.71478,0.08582,2016,Africa,0.2504660598
Malawi,0.4143,0.08709,0.30968,132,4.156,0.29364,0.147,0.07564,2016,Other,0.01280223
Sudan,0.0,0.63069,0.18077,133,4.139,0.29759,0.81928,0.10039,2016,Africa,0.5167117031999999
Gabon,0.28098,1.15851,0.06244,134,4.121,0.3494,0.72368,0.09314,2016,Africa,0.8383905168
Mali,0.27544,0.31292,0.21064,135,4.073,0.16347,0.86333,0.13647,2016,Africa,0.2701532236
Haiti,0.12072,0.34097,0.47958,136,4.028,0.27494,0.29561,0.14476,2016,America,0.10079414169999999
Botswana,0.44089,1.09426,0.12425,137,3.974,0.34752,0.89186,0.10769,2016,Other,0.9759267236
Comoros,0.15412,0.27509,0.1827,138,3.956,0.29981,0.60323,0.18437,2016,Africa,0.1659425407
Ivory Coast,0.40663,0.55507,0.20338,139,3.916,0.04476,0.57576,0.1553,2016,Africa,0.3195871032
Cambodia,0.58852,0.55604,0.40339,140,3.907,0.42494,0.5375,0.08092,2016,Asia,0.29887149999999996
Angola,0.00589,0.84731,0.12071,141,3.866,0.04991,0.66366,0.08434,2016,Africa,0.5623257546
Niger,0.38041,0.1327,0.2097,142,3.856,0.26162,0.6053,0.17176,2016,Africa,0.08032331
South Sudan,0.19662,0.39394,0.25899,143,3.832,0.15781,0.18519,0.13015,2016,Africa,0.07295374859999999
Chad,0.12807,0.42214,0.18667,144,3.763,0.03824,0.63178,0.04952,2016,Africa,0.2666996092
Burkina Faso,0.3337,0.31995,0.24353,145,3.739,0.21297,0.63054,0.12533,2016,Africa,0.201741273
Uganda,0.43653,0.34719,0.27102,145,3.739,0.19625,0.90981,0.06442,2016,Africa,0.3158769339
Yemen,0.2287,0.57939,0.09821,147,3.724,0.31048,0.47493,0.05892,2016,Other,0.27516969269999997
Madagascar,0.13684,0.27954,0.2204,148,3.695,0.37109,0.46115,0.07506,2016,Africa,0.128909871
Tanzania,0.3176,0.47155,0.31472,149,3.666,0.357,0.77623,0.05099,2016,Africa,0.3660312565
Liberia,0.25748,0.10706,0.24063,150,3.622,0.23165,0.50353,0.04852,2016,Africa,0.0539079218
Guinea,0.30953,0.22415,0.29914,151,3.607,0.18829,0.3109,0.1192,2016,Africa,0.069688235
Rwanda,0.5432,0.32846,0.23552,152,3.515,0.31865,0.61586,0.50521,2016,Africa,0.20228537559999998
Benin,0.39747,0.39499,0.2018,153,3.484,0.21028,0.10419,0.06681,2016,Africa,0.0411540081
Afghanistan,0.1643,0.38227,0.31268,154,3.36,0.17344,0.11037,0.07112,2016,Asia,0.0421911399
Togo,0.34678,0.28123,0.17517,155,3.303,0.24811,0.0,0.11587,2016,Africa,0.0
Syria,0.06912,0.74719,0.48397,156,3.069,0.62994,0.14866,0.17233,2016,Asia,0.1110772654
Burundi,0.0432,0.06831,0.2029,157,2.905,0.15747,0.23442,0.09419,2016,Africa,0.0160132302
Norway,0.635422587394714,1.61646318435669,0.36201223731041,1,7.53700017929077,0.796666502952576,1.53352355957031,0.315963834524155,2017,Europe,2.4788843763890296
Denmark,0.626006722450256,1.48238301277161,0.355280488729477,2,7.52199983596802,0.792565524578094,1.55112159252167,0.40077006816864,2017,Europe,2.299356299497371
Iceland,0.627162635326385,1.480633020401,0.475540220737457,3,7.50400018692017,0.833552122116089,1.6105740070343,0.153526559472084,2017,Europe,2.384669056614537
Switzerland,0.620070576667786,1.56497955322266,0.290549278259277,4,7.49399995803833,0.858131289482117,1.51691174507141,0.367007285356522,2017,Europe,2.373935865080061
Finland,0.617950856685638,1.44357192516327,0.24548277258873,5,7.4689998626709,0.80915766954422,1.5402467250824,0.38261154294014,2017,Europe,2.223456930153622
Netherlands,0.585384488105774,1.50394463539124,0.470489829778671,6,7.3769998550415,0.810696125030518,1.42893922328949,0.282661825418472,2017,Europe,2.149045479166354
Canada,0.611100912094116,1.47920441627502,0.435539722442627,7,7.31599998474121,0.83455765247345,1.48134899139404,0.287371516227722,2017,America,2.191217970114611
New Zealand,0.614062130451202,1.40570604801178,0.500005125999451,8,7.31400012969971,0.816759705543518,1.54819512367249,0.382816702127457,2017,Oceania,2.176307248848765
Sweden,0.612924098968506,1.49438726902008,0.385399252176285,9,7.28399991989136,0.830875158309937,1.47816216945648,0.384398728609085,2017,Europe,2.2089467275828656
Australia,0.601607382297516,1.484414935112,0.477699249982834,10,7.28399991989136,0.84388679265976,1.51004195213318,0.301183730363846,2017,Oceania,2.241528826392172
Israel,0.405988603830338,1.37538242340088,0.330082654953003,11,7.21299982070923,0.83840399980545,1.37628996372223,0.0852421000599861,2017,Asia,1.8929250256065897
Costa Rica,0.580131649971008,1.10970628261566,0.214613229036331,12,7.0789999961853,0.759509265422821,1.41640365123749,0.100106589496136,2017,America,1.5717920304980029
Austria,0.567766189575195,1.48709726333618,0.316472321748734,13,7.00600004196167,0.815328419208527,1.4599449634552,0.221060365438461,2017,Europe,2.1710801597756673
United States,0.505740523338318,1.54625928401947,0.392578780651093,14,6.99300003051758,0.77428662776947,1.41992056369781,0.135638788342476,2017,America,2.195565354187898
Ireland,0.573110342025757,1.53570663928986,0.42785832285881,15,6.97700023651123,0.80978262424469,1.55823111534119,0.29838815331459,2017,Europe,2.392985869377509
Germany,0.562511384487152,1.48792338371277,0.336269170045853,16,6.95100021362305,0.798950731754303,1.47252035140991,0.276731938123703,2017,Europe,2.1909974638557506
Belgium,0.539770722389221,1.46378076076508,0.231503337621689,17,6.89099979400635,0.818091869354248,1.46231269836426,0.251343131065369,2017,Europe,2.1405051940880733
Luxembourg,0.59662789106369,1.74194359779358,0.283180981874466,18,6.86299991607666,0.845089495182037,1.45758366584778,0.31883442401886,2017,Europe,2.5390285349720374
United Kingdom,0.508190035820007,1.44163393974304,0.492774158716202,19,6.71400022506714,0.805335938930511,1.49646008014679,0.265428066253662,2017,Europe,2.1573476410102024
Chile,0.376895278692245,1.25278460979462,0.326662421226501,20,6.65199995040894,0.819479703903198,1.28402495384216,0.0822879821062088,2017,America,1.6086067007657054
United Arab Emirates,0.60834527015686,1.62634336948395,0.3609419465065,21,6.64799976348877,0.726798236370087,1.26641023159027,0.324489563703537,2017,Asia,2.0596178831934693
Brazil,0.437453746795654,1.10735321044922,0.16234989464283,22,6.63500022888184,0.616552352905273,1.43130600452423,0.111092761158943,2017,America,1.584961299245152
Czech Republic,0.490946173667908,1.35268235206604,0.0881067588925362,23,6.60900020599365,0.754444003105164,1.43388521671295,0.0368729270994663,2017,Europe,1.939591227535997
Argentina,0.494519203901291,1.18529546260834,0.109457060694695,24,6.59899997711182,0.695137083530426,1.44045114517212,0.059739887714386,2017,America,1.7073602064815012
Mexico,0.412730008363724,1.15318381786346,0.120990432798862,25,6.57800006866455,0.709978997707367,1.210862159729,0.132774114608765,2017,America,1.3963466482626827
Singapore,0.549840569496155,1.69227766990662,0.345965981483459,26,6.57200002670288,0.949492394924164,1.35381436347961,0.46430778503418,2017,Asia,2.291029816515388
Malta,0.588767051696777,1.34327983856201,0.574730575084686,27,6.52699995040894,0.821944236755371,1.48841166496277,0.153066068887711,2017,Europe,1.9993533810250022
Uruguay,0.57939225435257,1.21755969524384,0.175096929073334,28,6.4539999961853,0.719216823577881,1.41222786903381,0.178061872720718,2017,America,1.719471733835663
Guatemala,0.531310617923737,0.872001945972443,0.283488392829895,29,6.4539999961853,0.540239989757538,1.25558519363403,0.0772232785820961,2017,America,1.094872732183061
Panama,0.550026834011078,1.23374843597412,0.21055693924427,30,6.4520001411438,0.706156134605408,1.37319254875183,0.070983923971653,2017,America,1.6941741593138857
France,0.470222115516663,1.43092346191406,0.129762306809425,31,6.44199991226196,0.844465851783752,1.38777685165405,0.172502428293228,2017,Europe,1.9858024569330084
Thailand,0.580200731754303,1.12786877155304,0.572123110294342,32,6.42399978637695,0.647239029407501,1.42579245567322,0.0316127352416515,2017,Asia,1.6081067854697468
Taiwan Province of China,0.361466586589813,1.43362653255463,0.258360475301743,33,6.42199993133545,0.793984234333038,1.38456535339355,0.0638292357325554,2017,Asia,1.984949626680871
Spain,0.408781230449677,1.38439786434174,0.190133571624756,34,6.40299987792969,0.888960599899292,1.53209090232849,0.0709140971302986,2017,Europe,2.121023373160971
Qatar,0.604130983352661,1.87076568603516,0.330473870038986,35,6.375,0.710098087787628,1.27429687976837,0.439299255609512,2017,Asia,2.3839108764923385
Colombia,0.477487415075302,1.07062232494354,0.149014472961426,36,6.35699987411499,0.595027923583984,1.4021829366684,0.0466687418520451,2017,America,1.501208355652083
Saudi Arabia,0.449750572443008,1.53062355518341,0.147616013884544,37,6.3439998626709,0.590148329734802,1.28667759895325,0.27343225479126,2017,Asia,1.9694190408846772
Trinidad and Tobago,0.518630743026733,1.36135590076447,0.325296461582184,38,6.16800022125244,0.519983291625977,1.3802285194397,0.0089648161083459,2017,America,1.8789822393426434
Kuwait,0.496337592601776,1.63295245170593,0.228289797902107,39,6.10500001907349,0.632105708122253,1.25969874858856,0.215159550309181,2017,Asia,2.057028159918581
Slovakia,0.295817464590073,1.32539355754852,0.136544480919838,40,6.09800004959106,0.712732911109924,1.50505924224854,0.0242108516395092,2017,Europe,1.9947958234050724
Bahrain,0.536746919155121,1.48841226100922,0.172668486833572,41,6.08699989318848,0.653133034706116,1.32311046123505,0.257042169570923,2017,Asia,1.9693338331718127
Malaysia,0.402264982461929,1.29121541976929,0.416608929634094,42,6.08400011062622,0.618784427642822,1.28464603424072,0.0656007081270218,2017,Asia,1.658754768357085
Nicaragua,0.447551846504211,0.737299203872681,0.301674216985703,43,6.07100009918213,0.653095960617065,1.28721570968628,0.130687981843948,2017,America,0.9490631179641023
Ecuador,0.4551981985569,1.00082039833069,0.150112465023994,44,6.00799989700317,0.685636222362518,1.28616881370544,0.140134647488594,2017,America,1.2872239844531894
El Salvador,0.432452529668808,0.909784495830536,0.0782579854130745,45,6.00299978256226,0.596018552780151,1.18212509155273,0.0899809598922729,2017,America,1.0754790804269265
Poland,0.520342111587524,1.29178786277771,0.158465966582298,46,5.97300004959106,0.699475347995758,1.44571197032928,0.0593078061938286,2017,Europe,1.8675531763438127
Uzbekistan,0.658248662948608,0.786441087722778,0.415983647108078,47,5.97100019454956,0.498272627592087,1.54896914958954,0.246528223156929,2017,Asia,1.218172982852224
Italy,0.256450712680817,1.39506661891937,0.17278964817524,48,5.96400022506714,0.853144347667694,1.44492328166962,0.0280280914157629,2017,Europe,2.0157642371567173
Russia,0.373783111572266,1.28177809715271,0.0522638224065304,49,5.96299982070923,0.547349333763123,1.46928238868713,0.0329628810286522,2017,Europe,1.8832939843513778
Belize,0.547509372234344,0.907975316047668,0.240015640854836,50,5.95599985122681,0.450191766023636,1.08141779899597,0.0965810716152191,2017,America,0.9819006678229393
Japan,0.505625545978546,1.41691517829895,0.12057276815176,51,5.92000007629395,0.913475871086121,1.43633782863617,0.163760736584663,2017,Asia,2.0351688705595454
Lithuania,0.234231784939766,1.31458234786987,0.010164656676352,52,5.90199995040894,0.62894994020462,1.47351610660553,0.0118656428530812,2017,Europe,1.9370582630455673
Algeria,0.233335807919502,1.09186446666718,0.0694366469979286,53,5.87200021743774,0.617584645748138,1.1462174654007,0.146096110343933,2017,Africa,1.2515141215443422
Latvia,0.325707912445068,1.26074862480164,0.153074786067009,54,5.84999990463257,0.638566970825195,1.40471494197845,0.0738427266478539,2017,Europe,1.7709924313376462
South Korea,0.257921665906906,1.40167844295502,0.206674367189407,55,5.83799982070923,0.900214076042175,1.12827444076538,0.0632826685905457,2017,Asia,1.5814779613579637
Moldova,0.240729048848152,0.728870630264282,0.208779126405716,56,5.83799982070923,0.589465200901031,1.25182557106018,0.0100912861526012,2017,Europe,0.9124188929595781
Romania,0.457003742456436,1.21768391132355,0.133519917726517,57,5.82499980926514,0.685158312320709,1.15009129047394,0.00438790069893,2017,Europe,1.4004476609634564
Bolivia,0.558732926845551,0.833756566047668,0.22556072473526,58,5.82299995422363,0.473630249500275,1.22761905193329,0.0604777261614799,2017,America,1.0235354451545937
Turkmenistan,0.41827192902565,1.13077676296234,0.24992498755455,59,5.82200002670288,0.437726080417633,1.49314916133881,0.259270340204239,2017,Asia,1.6884183752786321
Kazakhstan,0.437454283237457,1.28455626964569,0.201964423060417,60,5.81899976730347,0.606041550636292,1.38436901569366,0.119282886385918,2017,Asia,1.7782998986125238
North Cyprus,0.471203625202179,1.3469113111496,0.266845703125,61,5.80999994277954,0.834647238254547,1.18630337715149,0.155353352427483,2017,Europe,1.5978454371403117
Slovenia,0.572575807571411,1.3412059545517,0.242649093270302,62,5.75799989700317,0.790828227996826,1.45251882076263,0.0451289787888527,2017,Europe,1.948126891505253
Peru,0.450002878904343,1.03522527217865,0.126819714903831,63,5.71500015258789,0.630166113376617,1.21877038478851,0.0470490865409374,2017,America,1.2617019033159633
Mauritius,0.491247326135635,1.18939554691315,0.360933750867844,64,5.62900018692017,0.638007462024689,1.20956099033356,0.0421815551817417,2017,Africa,1.438646455622596
Cyprus,0.355111539363861,1.35593807697296,0.271254301071167,65,5.62099981307983,0.84471470117569,1.13136327266693,0.0412379764020443,2017,Europe,1.5340585402978317
Estonia,0.479131430387497,1.32087934017181,0.0988908112049103,66,5.61100006103516,0.695168316364288,1.47667109966278,0.183248922228813,2017,Europe,1.950504347773354
Belarus,0.295400261878967,1.15655755996704,0.15513750910759,67,5.56899976730347,0.637714266777039,1.44494521617889,0.156313821673393,2017,Europe,1.671162313509904
Libya,0.465733230113983,1.10180306434631,0.152073666453362,68,5.52500009536743,0.520169019699097,1.35756433010101,0.0926102101802826,2017,Africa,1.4957685389525384
Turkey,0.300740599632263,1.19827437400818,0.0466930419206619,69,5.5,0.637605607509613,1.33775317668915,0.0996715798974037,2017,Asia,1.6029953503746455
Paraguay,0.473507791757584,0.932537317276001,0.224150657653809,70,5.49300003051758,0.579250693321228,1.50728487968445,0.091065913438797,2017,America,1.4055993980716168
"Hong Kong S.A.R., China",0.490968644618988,1.55167484283447,0.374465793371201,71,5.47200012207031,0.943062424659729,1.26279091835022,0.293933749198914,2017,Asia,1.9594408997638735
Philippines,0.585214674472809,0.85769921541214,0.193513423204422,72,5.42999982833862,0.468009054660797,1.25391757488251,0.0993318930268288,2017,Asia,1.0754841201682221
Serbia,0.208715528249741,1.06931757926941,0.220125883817673,73,5.39499998092651,0.65078467130661,1.25818979740143,0.0409037806093693,2017,Europe,1.3454044684187667
Jordan,0.418421149253845,0.991012394428253,0.172170460224152,74,5.33599996566772,0.604590058326721,1.23908889293671,0.11980327218771,2017,Asia,1.2279524506986623
Hungary,0.175863519310951,1.2860119342804,0.0784016624093056,75,5.32399988174438,0.687763452529907,1.34313309192657,0.0366369374096394,2017,Europe,1.7272851855445026
Jamaica,0.474307239055634,0.925579309463501,0.233818337321281,76,5.31099987030029,0.641022384166718,1.36821806430817,0.0552677810192108,2017,America,1.266394331157844
Croatia,0.255772292613983,1.22255623340607,0.248002976179123,77,5.29300022125244,0.701288521289825,0.96798300743103,0.0431031100451946,2017,Europe,1.18341365956596
Kosovo,0.260287940502167,0.951484382152557,0.319931447505951,78,5.27899980545044,0.541452050209045,1.13785350322723,0.0574716180562973,2017,Europe,1.0826498374982834
China,0.472787708044052,1.08116579055786,0.0288068410009146,79,5.27299976348877,0.741415500640869,1.16083741188049,0.0227942746132612,2017,Asia,1.2550576981249102
Pakistan,0.23521526157856,0.72688353061676,0.315446019172668,80,5.26900005340576,0.402047783136368,0.672690689563751,0.124348066747189,2017,Asia,0.4889677834431222
Indonesia,0.443323463201523,0.995538592338562,0.611704587936401,81,5.26200008392334,0.492345720529556,1.27444469928741,0.0153171354904771,2017,Asia,1.2687588819419302
Venezuela,0.153997123241425,1.12843120098114,0.0650196298956871,82,5.25,0.617144227027893,1.43133759498596,0.0644911229610443,2017,America,1.615166001319463
Montenegro,0.194989055395126,1.12112903594971,0.197911024093628,83,5.23699998855591,0.667464673519135,1.23837649822235,0.0881741940975189,2017,Europe,1.3883798495948008
Morocco,0.408158332109451,0.878114581108093,0.0322099551558495,84,5.2350001335144,0.59771066904068,0.774864435195923,0.0877631828188896,2017,Africa,0.680419758927627
Azerbaijan,0.398155838251114,1.15360176563263,0.0452693402767181,85,5.23400020599365,0.540775775909424,1.15240025520325,0.180987507104874,2017,Asia,1.3294109691179625
Dominican Republic,0.55258983373642,1.07937383651733,0.186967849731445,86,5.23000001907349,0.574873745441437,1.40241670608521,0.113945253193378,2017,America,1.51373190044319
Greece,0.0957312509417534,1.28948748111725,0.0,87,5.22700023651123,0.810198903083801,1.23941457271576,0.04328977689147,2017,Europe,1.5982095754312582
Lebanon,0.288515985012054,1.07498753070831,0.264450758695602,88,5.22499990463257,0.735081076622009,1.12962424755096,0.037513829767704,2017,Asia,1.2143319805030393
Portugal,0.498465299606323,1.3151752948761,0.0951027125120163,89,5.19500017166138,0.795843541622162,1.36704301834106,0.0158694516867399,2017,Europe,1.7979012047550174
Bosnia and Herzegovina,0.204403176903725,0.982409417629242,0.328867495059967,90,5.18200016021729,0.705186307430267,1.0693359375,0.0,2017,Other,1.0505256956093947
Honduras,0.348079860210419,0.730573117733002,0.236188873648643,91,5.18100023269653,0.582569479942322,1.14394497871399,0.0733454525470734,2017,America,0.8357354496140923
Macedonia,0.325905978679657,1.06457793712616,0.25376096367836,92,5.17500019073486,0.644948184490204,1.20789301395416,0.0602777935564518,2017,Europe,1.2858962530644193
Somalia,0.602126955986023,0.0226431842893362,0.291631311178207,93,5.15100002288818,0.113989137113094,0.721151351928711,0.282410323619843,2017,Africa,0.01632916296222575
Vietnam,0.571055591106415,0.788547575473785,0.234968051314354,94,5.07399988174438,0.652168989181519,1.27749133110046,0.0876332372426987,2017,Asia,1.007362691828046
Nigeria,0.394952565431595,0.783756256103516,0.230947196483612,95,5.07399988174438,0.0569157302379608,1.21577048301697,0.0261215660721064,2017,Africa,0.9528677220505436
Tajikistan,0.471566706895828,0.524713635444641,0.248997643589973,96,5.04099988937378,0.529235124588013,1.27146327495575,0.146377146244049,2017,Other,0.6671541173363807
Bhutan,0.501537680625916,0.885416388511658,0.474054545164108,97,5.01100015640259,0.495879292488098,1.34012651443481,0.173380389809608,2017,Asia,1.1865699785595858
Kyrgyzstan,0.454943388700485,0.596220076084137,0.42858037352562,98,5.00400018692017,0.553457796573639,1.39423859119415,0.0394391790032387,2017,Asia,0.831273038921216
Nepal,0.440305948257446,0.479820191860199,0.394096165895462,99,4.96199989318848,0.504130780696869,1.17928326129913,0.0729755461215973,2017,Asia,0.5658439206940697
Mongolia,0.394143968820572,1.02723586559296,0.338464230298996,100,4.95499992370605,0.557783484458923,1.4930112361908,0.0329022891819477,2017,Other,1.5336746895484716
South Africa,0.479246735572815,1.05469870567322,0.139362379908562,101,4.8289999961853,0.187080070376396,1.38478863239288,0.0725094974040985,2017,Africa,1.460534778215759
Tunisia,0.289680689573288,1.00726580619812,0.0496933571994305,102,4.80499982833862,0.613212049007416,0.868351459503174,0.0867231488227844,2017,Africa,0.8746607329197786
Palestinian Territories,0.25471106171608,0.716249227523804,0.114173173904419,103,4.77500009536743,0.565666973590851,1.15564715862274,0.0892826020717621,2017,Asia,0.8277313846536165
Egypt,0.282110154628754,0.989701807498932,0.128631442785263,104,4.7350001335144,0.520187258720398,0.997471392154694,0.114381365478039,2017,Africa,0.9871992397439767
Bulgaria,0.289231717586517,1.1614590883255,0.113177694380283,105,4.71400022506714,0.708217680454254,1.43437945842743,0.0110515309497714,2017,Europe,1.6659730580979475
Sierra Leone,0.318697690963745,0.36842092871666,0.293040901422501,106,4.70900011062622,0.0055647538974881,0.984136044979095,0.0710951760411263,2017,Africa,0.36257631567473886
Cameroon,0.430388748645782,0.564305365085602,0.236298456788063,107,4.69500017166138,0.132892116904259,0.946018218994141,0.0513066314160824,2017,Africa,0.5338431564471198
Iran,0.249322608113289,1.15687310695648,0.387242913246155,108,4.69199991226196,0.639333188533783,0.711551249027252,0.048761073499918,2017,Asia,0.823174504220921
Albania,0.381498634815216,0.996192753314972,0.201312944293022,109,4.64400005340576,0.731159746646881,0.803685247898102,0.0398642159998417,2017,Other,0.8006254199022361
Bangladesh,0.478356659412384,0.586682975292206,0.172255352139473,110,4.60799980163574,0.533241033554077,0.735131740570068,0.123717859387398,2017,Asia,0.4312892767893856
Namibia,0.520303547382355,0.964434325695038,0.0771337449550629,111,4.57399988174438,0.33861181139946,1.0984708070755,0.0931469723582268,2017,Africa,1.059402952117544
Kenya,0.452763766050339,0.560479462146759,0.444860309362411,112,4.55299997329712,0.309988349676132,1.06795072555542,0.0646413192152977,2017,Africa,0.5985644482585428
Mozambique,0.480791091918945,0.234305649995804,0.322228103876114,113,4.55000019073486,0.106654435396194,0.870701014995575,0.179436385631561,2017,Africa,0.20401016727054447
Myanmar,0.514492034912109,0.367110550403595,0.838075160980225,114,4.54500007629395,0.397522568702698,1.12323594093323,0.188816204667091,2017,Asia,0.412351764509098
Senegal,0.377922266721725,0.479309022426605,0.183468893170357,115,4.53499984741211,0.409362852573395,1.17969191074371,0.115460447967052,2017,Africa,0.5654369765031414
Zambia,0.461603492498398,0.636406779289246,0.249580144882202,116,4.51399993896484,0.257835894823074,1.00318729877472,0.0782135501503944,2017,Africa,0.6384351978370981
Iraq,0.288555532693863,1.10271048545837,0.19963726401329,117,4.49700021743774,0.501180469989777,0.978613197803497,0.107215754687786,2017,Asia,1.079127034425862
Gabon,0.312328577041626,1.1982102394104,0.0437853783369064,118,4.46500015258789,0.356578588485718,1.1556202173233,0.0760467872023582,2017,Africa,1.3846759772664496
Ethiopia,0.408842742443085,0.339233845472336,0.312650740146637,119,4.46000003814697,0.353409707546234,0.86466920375824,0.165455713868141,2017,Africa,0.2933250590524106
Sri Lanka,0.561213254928589,1.00985014438629,0.490863561630249,120,4.44000005722046,0.625130832195282,1.25997638702393,0.0736539661884308,2017,Asia,1.2723873363594316
Armenia,0.198303267359734,0.900596737861633,0.0834880918264389,121,4.37599992752075,0.637524425983429,1.00748372077942,0.0266744215041399,2017,Asia,0.907336552382646
India,0.469987004995346,0.792221248149872,0.231538489460945,122,4.31500005722046,0.455427616834641,0.754372596740723,0.0922268852591515,2017,Asia,0.5976300001599957
Mauritania,0.0960980430245399,0.648457288742065,0.201870024204254,123,4.29199981689453,0.285349279642105,1.2720308303833,0.136957004666328,2017,Africa,0.8248576634666722
Congo (Brazzaville),0.435025870800018,0.808964252471924,0.120852127671242,124,4.29099988937378,0.28995743393898,0.832044363021851,0.0796181336045265,2017,Africa,0.6730941461554499
Georgia,0.309410035610199,0.950612664222717,0.0540088154375553,125,4.28599977493286,0.649546980857849,0.57061493396759,0.251666635274887,2017,Asia,0.5424337826242004
Congo (Kinshasa),0.235961347818375,0.0921023488044739,0.246455833315849,126,4.28000020980835,0.191407024860382,1.22902345657349,0.0602413564920425,2017,Africa,0.11319594708621178
Mali,0.306613743305206,0.476180493831635,0.183354198932648,127,4.19000005722046,0.169365674257278,1.28147339820862,0.104970246553421,2017,Africa,0.6102126355910841
Ivory Coast,0.447706192731857,0.603048920631409,0.201237469911575,128,4.17999982833862,0.0486421696841717,0.904780030250549,0.130061775445938,2017,Africa,0.5456266206514472
Cambodia,0.633375823497772,0.601765096187592,0.385922968387604,129,4.16800022125244,0.429783403873444,1.00623834133148,0.0681059509515762,2017,Asia,0.605519112258981
Sudan,0.0149958552792668,0.65951669216156,0.182317450642586,130,4.13899993896484,0.290920823812485,1.21400856971741,0.089847519993782,2017,Africa,0.8006589161558127
Ghana,0.423026293516159,0.667224824428558,0.256923943758011,131,4.11999988555908,0.295637726783752,0.873664736747742,0.0253363698720932,2017,Africa,0.5829308005859345
Ukraine,0.122974775731564,0.89465194940567,0.270061463117599,132,4.09600019454956,0.575903952121735,1.39453756809235,0.0230294708162546,2017,Europe,1.2476257538132633
Uganda,0.443185955286026,0.381430715322495,0.325766056776047,133,4.08099985122681,0.217632606625557,1.12982773780823,0.057069718837738,2017,Africa,0.4309510022233895
Burkina Faso,0.324367851018906,0.3502277135849,0.250864684581757,134,4.03200006484985,0.215844258666039,1.04328000545502,0.120328105986118,2017,Africa,0.36538557093935364
Niger,0.36365869641304,0.161925330758095,0.228673845529556,135,4.02799987792969,0.26850500702858,0.993025004863739,0.138572946190834,2017,Africa,0.16079590236361985
Malawi,0.466914653778076,0.233442038297653,0.287170469760895,136,3.97000002861023,0.315089583396912,0.512568831443787,0.0727116540074348,2017,Other,0.11965511278008376
Chad,0.16234202682972,0.438012987375259,0.216113850474358,137,3.93600010871887,0.0411347150802612,0.953855872154236,0.0535818822681904,2017,Africa,0.41780126008771
Zimbabwe,0.336384207010269,0.375846534967422,0.189143493771553,138,3.875,0.196763753890991,1.08309590816498,0.0953753814101219,2017,Africa,0.40707784412120085
Lesotho,0.390661299228668,0.521021246910095,0.157497271895409,139,3.80800008773804,0.0,1.19009518623352,0.119094640016556,2017,Africa,0.6200648778730904
Angola,0.0,0.858428180217743,0.097926490008831,140,3.79500007629395,0.0498686656355858,1.10441195964813,0.0697203353047371,2017,Africa,0.9480583487314558
Afghanistan,0.106179520487785,0.401477217674255,0.311870932579041,141,3.79399991035461,0.180746778845787,0.581543326377869,0.0611578300595284,2017,Asia,0.23347639663121803
Botswana,0.505196332931519,1.12209415435791,0.0993484482169151,142,3.76600003242493,0.341755509376526,1.22155499458313,0.0985831990838051,2017,Other,1.3706997186484386
Benin,0.425962775945663,0.431085407733917,0.207948461174965,143,3.65700006484985,0.209930211305618,0.435299843549728,0.0609290152788162,2017,Africa,0.18765141054314477
Madagascar,0.189196765422821,0.305808693170547,0.208732530474663,144,3.64400005340576,0.375223308801651,0.913020372390747,0.0672319754958153,2017,Africa,0.2792095669189005
Haiti,0.0303698573261499,0.368610262870789,0.489203780889511,145,3.6029999256134,0.277321130037308,0.640449821949005,0.0998721495270729,2017,America,0.23607637722417277
Yemen,0.249463722109795,0.591683447360992,0.104125209152699,146,3.59299993515015,0.310080915689468,0.93538224697113,0.0567674227058887,2017,Other,0.553450192488149
South Sudan,0.147062435746193,0.39724862575531,0.285670816898346,147,3.59100008010864,0.163486003875732,0.601323127746582,0.116793513298035,2017,Africa,0.23887478613221444
Liberia,0.332881182432175,0.119041793048382,0.26654988527298,148,3.53299999237061,0.229918196797371,0.872117936611176,0.0389482490718365,2017,Africa,0.10381848292384954
Guinea,0.348587512969971,0.244549930095673,0.264815092086792,149,3.50699996948242,0.194129139184952,0.791244685649872,0.110937617719173,2017,Africa,0.19349883256424896
Togo,0.38042613863945,0.305444717407227,0.196896150708199,150,3.49499988555908,0.247105568647385,0.431882530450821,0.0956650152802467,2017,Africa,0.13191623746666914
Rwanda,0.581843852996826,0.368745893239975,0.252756029367447,151,3.47099995613098,0.326424807310104,0.945707023143768,0.455220013856888,2017,Africa,0.3487255809924664
Syria,0.0815394446253777,0.777153134346008,0.493663728237152,152,3.46199989318848,0.50053334236145,0.396102607250214,0.151347130537033,2017,Asia,0.3078323827471296
Tanzania,0.390017777681351,0.511135876178741,0.354256361722946,153,3.34899997711182,0.364509284496307,1.04198980331421,0.0660351067781448,2017,Africa,0.5325983710863228
Burundi,0.0599007532000542,0.091622568666935,0.204435184597969,154,2.90499997138977,0.151610791683197,0.629793584346771,0.0841479450464249,2017,Africa,0.05770330592780715
Central African Republic,0.270842045545578,0.0,0.280876487493515,155,2.69300007820129,0.0187726859003305,0.0,0.0565650761127472,2017,Africa,0.0
Finland,0.681,1.305,0.202,1,7.632,0.874,1.592,0.393,2018,Europe,2.07756
Norway,0.686,1.456,0.286,2,7.594,0.861,1.582,0.34,2018,Europe,2.303392
Denmark,0.683,1.351,0.284,3,7.555,0.868,1.59,0.408,2018,Europe,2.1480900000000003
Iceland,0.677,1.343,0.353,4,7.495,0.914,1.644,0.138,2018,Europe,2.2078919999999997
Switzerland,0.66,1.42,0.256,5,7.487,0.927,1.549,0.357,2018,Europe,2.1995799999999996
Netherlands,0.638,1.361,0.333,6,7.441,0.878,1.488,0.295,2018,Europe,2.025168
Canada,0.653,1.33,0.321,7,7.328,0.896,1.532,0.291,2018,America,2.03756
New Zealand,0.669,1.268,0.365,8,7.324,0.876,1.601,0.389,2018,Oceania,2.030068
Sweden,0.659,1.355,0.285,9,7.314,0.913,1.501,0.383,2018,Europe,2.033855
Australia,0.647,1.34,0.361,10,7.272,0.91,1.573,0.302,2018,Oceania,2.1078200000000002
United Kingdom,0.464,1.244,0.262,11,7.19,0.888,1.433,0.082,2018,Europe,1.7826520000000001
Austria,0.617,1.341,0.242,12,7.139,0.891,1.504,0.224,2018,Europe,2.016864
Costa Rica,0.632,1.01,0.143,13,7.072,0.817,1.459,0.101,2018,America,1.4735900000000002
Ireland,0.614,1.448,0.307,14,6.977,0.876,1.583,0.306,2018,Europe,2.2921839999999998
Germany,0.586,1.34,0.273,15,6.965,0.861,1.474,0.28,2018,Europe,1.97516
Belgium,0.583,1.324,0.188,16,6.927,0.894,1.483,0.24,2018,Europe,1.9634920000000002
Luxembourg,0.632,1.576,0.196,17,6.91,0.896,1.52,0.321,2018,Europe,2.3955200000000003
United States,0.547,1.398,0.291,18,6.886,0.819,1.471,0.133,2018,America,2.056458
Israel,0.533,1.301,0.354,19,6.814,0.883,1.559,0.272,2018,Asia,2.028259
Czech Republic,0.543,1.233,0.064,21,6.711,0.854,1.489,0.034,2018,Europe,1.8359370000000004
Malta,0.645,1.27,0.376,22,6.627,0.884,1.525,0.142,2018,Europe,1.93675
France,0.52,1.293,0.098,23,6.489,0.908,1.466,0.176,2018,Europe,1.895538
Mexico,0.479,1.038,0.069,24,6.488,0.761,1.252,0.095,2018,America,1.299576
Chile,0.431,1.131,0.197,25,6.476,0.808,1.331,0.061,2018,America,1.505361
Taiwan,0.418,1.365,0.151,26,6.441,0.857,1.436,0.078,2018,Asia,1.96014
Panama,0.597,1.112,0.125,27,6.43,0.759,1.438,0.063,2018,America,1.599056
Brazil,0.493,0.986,0.11,28,6.419,0.675,1.474,0.088,2018,America,1.4533639999999999
Argentina,0.57,1.073,0.062,29,6.388,0.744,1.468,0.054,2018,America,1.575164
Guatemala,0.604,0.781,0.179,30,6.382,0.608,1.268,0.071,2018,America,0.9903080000000001
Uruguay,0.625,1.093,0.13,31,6.379,0.771,1.459,0.155,2018,America,1.594687
Qatar,0.654,1.649,0.256,32,6.374,0.748,1.303,0.171,2018,Asia,2.148647
Saudi Arabia,0.509,1.379,0.098,33,6.371,0.633,1.331,0.127,2018,Asia,1.8354489999999999
Singapore,0.631,1.529,0.261,34,6.343,1.008,1.451,0.457,2018,Asia,2.218579
Malaysia,0.356,1.161,0.311,35,6.322,0.669,1.258,0.059,2018,Asia,1.4605380000000001
Spain,0.449,1.251,0.142,36,6.31,0.965,1.538,0.074,2018,Europe,1.924038
Colombia,0.531,0.96,0.099,37,6.26,0.635,1.439,0.039,2018,America,1.38144
Trinidad & Tobago,0.575,1.223,0.171,38,6.192,0.564,1.492,0.019,2018,America,1.8247160000000002
Slovakia,0.354,1.21,0.118,39,6.173,0.776,1.537,0.014,2018,Europe,1.85977
El Salvador,0.461,0.806,0.065,40,6.167,0.639,1.231,0.082,2018,America,0.9921860000000001
Nicaragua,0.527,0.668,0.208,41,6.141,0.7,1.319,0.128,2018,America,0.881092
Poland,0.546,1.176,0.108,42,6.123,0.781,1.448,0.064,2018,Europe,1.702848
Bahrain,0.594,1.338,0.243,43,6.105,0.698,1.366,0.123,2018,Asia,1.8277080000000003
Uzbekistan,0.724,0.719,0.328,44,6.096,0.605,1.584,0.259,2018,Asia,1.138896
Kuwait,0.554,1.474,0.167,45,6.083,0.675,1.301,0.106,2018,Asia,1.9176739999999999
Thailand,0.637,1.016,0.364,46,6.072,0.707,1.417,0.029,2018,Asia,1.439672
Italy,0.281,1.264,0.137,47,6.0,0.946,1.501,0.028,2018,Europe,1.8972639999999998
Ecuador,0.556,0.889,0.114,48,5.973,0.736,1.33,0.12,2018,America,1.1823700000000001
Belize,0.593,0.807,0.183,49,5.956,0.474,1.101,0.089,2018,America,0.888507
Lithuania,0.35,1.197,0.026,50,5.952,0.716,1.527,0.006,2018,Europe,1.827819
Slovenia,0.633,1.219,0.16,51,5.948,0.856,1.506,0.051,2018,Europe,1.835814
Romania,0.528,1.116,0.088,52,5.945,0.726,1.219,0.001,2018,Europe,1.3604040000000002
Latvia,0.363,1.148,0.092,53,5.933,0.671,1.454,0.066,2018,Europe,1.6691919999999998
Japan,0.553,1.294,0.079,54,5.915,0.988,1.462,0.15,2018,Asia,1.891828
Mauritius,0.584,1.09,0.245,55,5.891,0.684,1.387,0.05,2018,Africa,1.5118300000000002
Jamaica,0.575,0.819,0.096,56,5.89,0.693,1.493,0.031,2018,America,1.222767
South Korea,0.244,1.266,0.175,57,5.875,0.955,1.204,0.051,2018,Asia,1.524264
Northern Cyprus,0.495,1.229,0.179,58,5.835,0.909,1.211,0.154,2018,Europe,1.4883190000000002
Russia,0.399,1.151,0.065,59,5.81,0.599,1.479,0.025,2018,Europe,1.7023290000000002
Kazakhstan,0.454,1.143,0.148,60,5.79,0.631,1.516,0.121,2018,Asia,1.732788
Cyprus,0.423,1.229,0.202,61,5.762,0.909,1.191,0.035,2018,Europe,1.4637390000000001
Bolivia,0.606,0.751,0.141,62,5.752,0.508,1.223,0.054,2018,America,0.9184730000000001
Estonia,0.553,1.2,0.086,63,5.739,0.737,1.532,0.174,2018,Europe,1.8384
Paraguay,0.541,0.835,0.162,64,5.681,0.615,1.522,0.074,2018,America,1.27087
Peru,0.53,0.934,0.092,65,5.663,0.674,1.249,0.034,2018,America,1.1665660000000002
Kosovo,0.448,0.855,0.274,66,5.662,0.578,1.23,0.023,2018,Europe,1.05165
Moldova,0.232,0.657,0.171,67,5.64,0.62,1.301,0.0,2018,Europe,0.854757
Turkmenistan,0.417,1.016,0.199,68,5.636,0.517,1.533,0.037,2018,Asia,1.557528
Hungary,0.259,1.171,0.061,69,5.62,0.732,1.401,0.022,2018,Europe,1.640571
Libya,0.496,0.985,0.116,70,5.566,0.553,1.35,0.148,2018,Africa,1.32975
Philippines,0.643,0.775,0.12,71,5.524,0.513,1.312,0.105,2018,Asia,1.0168000000000001
Honduras,0.459,0.62,0.197,72,5.504,0.622,1.205,0.074,2018,America,0.7471
Belarus,0.307,1.039,0.101,73,5.483,0.7,1.498,0.154,2018,Europe,1.556422
Turkey,0.324,1.148,0.106,74,5.483,0.686,1.38,0.109,2018,Asia,1.5842399999999996
Pakistan,0.334,0.652,0.216,75,5.472,0.424,0.81,0.113,2018,Asia,0.52812
Hong Kong,0.524,1.405,0.246,76,5.43,1.03,1.29,0.291,2018,Asia,1.8124500000000001
Portugal,0.562,1.188,0.055,77,5.41,0.884,1.429,0.017,2018,Europe,1.697652
Serbia,0.288,0.975,0.134,78,5.398,0.685,1.369,0.043,2018,Europe,1.334775
Greece,0.131,1.154,0.0,79,5.358,0.879,1.202,0.044,2018,Europe,1.3871079999999998
Lebanon,0.503,0.965,0.214,80,5.358,0.785,1.179,0.136,2018,Asia,1.137735
Montenegro,0.259,1.017,0.111,81,5.347,0.729,1.279,0.081,2018,Europe,1.3007429999999998
Croatia,0.38,1.115,0.12,82,5.321,0.737,1.161,0.039,2018,Europe,1.294515
Dominican Republic,0.578,0.982,0.12,83,5.302,0.614,1.441,0.106,2018,America,1.415062
Algeria,0.077,0.979,0.055,84,5.295,0.687,1.154,0.135,2018,Africa,1.1297659999999998
Morocco,0.46,0.779,0.026,85,5.254,0.669,0.797,0.074,2018,Africa,0.620863
China,0.597,0.989,0.029,86,5.246,0.799,1.142,0.103,2018,Asia,1.129438
Azerbaijan,0.43,1.024,0.031,87,5.201,0.603,1.161,0.176,2018,Asia,1.1888640000000001
Tajikistan,0.292,0.474,0.187,88,5.199,0.598,1.166,0.034,2018,Other,0.552684
Macedonia,0.394,0.959,0.173,89,5.185,0.691,1.239,0.052,2018,Europe,1.188201
Jordan,0.468,0.822,0.13,90,5.161,0.645,1.265,0.134,2018,Asia,1.0398299999999998
Nigeria,0.462,0.689,0.201,91,5.155,0.048,1.172,0.032,2018,Africa,0.8075079999999999
Kyrgyzstan,0.54,0.53,0.281,92,5.131,0.594,1.416,0.035,2018,Asia,0.75048
Bosnia and Herzegovina,0.28,0.915,0.216,93,5.129,0.758,1.078,0.0,2018,Other,0.9863700000000001
Mongolia,0.395,0.914,0.253,94,5.125,0.575,1.517,0.032,2018,Other,1.386538
Vietnam,0.618,0.715,0.177,95,5.103,0.702,1.365,0.079,2018,Asia,0.9759749999999999
Indonesia,0.538,0.899,0.484,96,5.093,0.522,1.215,0.018,2018,Asia,1.0922850000000002
Bhutan,0.541,0.796,0.364,97,5.082,0.527,1.335,0.171,2018,Asia,1.06266
Somalia,0.674,0.0,0.238,98,4.982,0.115,0.712,0.282,2018,Africa,0.0
Cameroon,0.454,0.535,0.183,99,4.975,0.182,0.891,0.043,2018,Africa,0.476685
Bulgaria,0.359,1.054,0.064,100,4.933,0.712,1.515,0.009,2018,Europe,1.59681
Nepal,0.526,0.425,0.302,101,4.88,0.539,1.228,0.078,2018,Asia,0.5219
Venezuela,0.133,0.996,0.056,102,4.806,0.657,1.469,0.052,2018,America,1.463124
Gabon,0.356,1.036,0.032,103,4.758,0.404,1.164,0.052,2018,Africa,1.2059039999999999
Palestinian Territories,0.266,0.642,0.086,104,4.743,0.602,1.217,0.076,2018,Asia,0.7813140000000001
South Africa,0.516,0.94,0.103,105,4.724,0.33,1.41,0.056,2018,Africa,1.3254
Iran,0.459,1.059,0.282,106,4.707,0.691,0.771,0.129,2018,Asia,0.816489
Ivory Coast,0.467,0.541,0.146,107,4.671,0.08,0.872,0.103,2018,Africa,0.471752
Ghana,0.499,0.592,0.212,108,4.657,0.337,0.896,0.029,2018,Africa,0.530432
Senegal,0.406,0.429,0.138,109,4.631,0.433,1.117,0.082,2018,Africa,0.479193
Laos,0.626,0.72,0.23,110,4.623,0.441,1.034,0.174,2018,Asia,0.74448
Tunisia,0.271,0.9,0.04,111,4.592,0.69,0.906,0.063,2018,Africa,0.8154
Albania,0.419,0.916,0.149,112,4.586,0.79,0.817,0.032,2018,Other,0.748372
Sierra Leone,0.355,0.256,0.238,113,4.571,0.0,0.813,0.053,2018,Africa,0.20812799999999998
Congo (Brazzaville),0.514,0.682,0.091,114,4.559,0.343,0.811,0.077,2018,Africa,0.5531020000000001
Bangladesh,0.58,0.532,0.153,115,4.5,0.579,0.85,0.144,2018,Asia,0.4522
Sri Lanka,0.585,0.918,0.307,116,4.471,0.672,1.314,0.05,2018,Asia,1.206252
Iraq,0.304,1.01,0.148,117,4.456,0.536,0.971,0.095,2018,Asia,0.98071
Mali,0.367,0.37,0.139,118,4.447,0.152,1.233,0.056,2018,Africa,0.45621
Namibia,0.519,0.874,0.051,119,4.441,0.365,1.281,0.064,2018,Africa,1.119594
Cambodia,0.696,0.549,0.256,120,4.433,0.457,1.088,0.065,2018,Asia,0.5973120000000001
Burkina Faso,0.312,0.314,0.175,121,4.424,0.254,1.097,0.128,2018,Africa,0.344458
Egypt,0.312,0.885,0.092,122,4.419,0.553,1.025,0.107,2018,Africa,0.907125
Mozambique,0.531,0.198,0.206,123,4.417,0.173,0.902,0.158,2018,Africa,0.178596
Kenya,0.504,0.493,0.352,124,4.41,0.454,1.048,0.055,2018,Africa,0.516664
Zambia,0.503,0.562,0.221,125,4.377,0.295,1.047,0.082,2018,Africa,0.588414
Mauritania,0.129,0.557,0.134,126,4.356,0.292,1.245,0.093,2018,Africa,0.6934650000000001
Ethiopia,0.452,0.308,0.22,127,4.35,0.391,0.95,0.146,2018,Africa,0.29259999999999997
Georgia,0.375,0.853,0.038,128,4.34,0.643,0.592,0.215,2018,Asia,0.504976
Armenia,0.26,0.816,0.077,129,4.321,0.666,0.99,0.028,2018,Asia,0.8078399999999999
Myanmar,0.58,0.682,0.598,130,4.308,0.429,1.174,0.178,2018,Asia,0.800668
Chad,0.189,0.358,0.181,131,4.301,0.053,0.907,0.06,2018,Africa,0.324706
Congo (Kinshasa),0.312,0.069,0.197,132,4.245,0.204,1.136,0.052,2018,Africa,0.078384
India,0.539,0.721,0.172,133,4.19,0.485,0.747,0.093,2018,Asia,0.5385869999999999
Niger,0.39,0.131,0.175,134,4.166,0.221,0.867,0.099,2018,Africa,0.113577
Uganda,0.45,0.322,0.259,135,4.161,0.237,1.09,0.061,2018,Africa,0.35098
Benin,0.44,0.378,0.163,136,4.141,0.24,0.372,0.067,2018,Africa,0.140616
Sudan,0.016,0.605,0.134,137,4.139,0.312,1.24,0.082,2018,Africa,0.7502
Ukraine,0.163,0.793,0.187,138,4.103,0.609,1.413,0.011,2018,Europe,1.120509
Togo,0.434,0.259,0.158,139,3.999,0.253,0.474,0.101,2018,Africa,0.122766
Guinea,0.394,0.344,0.185,140,3.964,0.211,0.792,0.094,2018,Africa,0.27244799999999997
Lesotho,0.423,0.472,0.116,141,3.808,0.079,1.215,0.112,2018,Africa,0.57348
Angola,0.0,0.73,0.079,142,3.795,0.269,1.125,0.061,2018,Africa,0.82125
Madagascar,0.221,0.262,0.155,143,3.774,0.402,0.908,0.049,2018,Africa,0.23789600000000002
Zimbabwe,0.406,0.357,0.132,144,3.692,0.248,1.094,0.099,2018,Africa,0.390558
Afghanistan,0.085,0.332,0.191,145,3.632,0.255,0.537,0.036,2018,Asia,0.17828400000000003
Botswana,0.557,1.017,0.042,146,3.59,0.417,1.174,0.092,2018,Other,1.1939579999999999
Malawi,0.531,0.186,0.21,147,3.587,0.306,0.541,0.08,2018,Other,0.10062600000000001
Haiti,0.025,0.315,0.392,148,3.582,0.289,0.714,0.104,2018,America,0.22491
Liberia,0.419,0.076,0.206,149,3.495,0.267,0.858,0.03,2018,Africa,0.065208
Syria,0.088,0.689,0.376,150,3.462,0.539,0.382,0.144,2018,Asia,0.263198
Rwanda,0.636,0.332,0.2,151,3.408,0.4,0.896,0.444,2018,Africa,0.297472
Yemen,0.244,0.442,0.083,152,3.355,0.343,1.073,0.064,2018,Other,0.47426599999999997
Tanzania,0.481,0.455,0.27,153,3.303,0.381,0.991,0.097,2018,Africa,0.450905
South Sudan,0.112,0.337,0.224,154,3.254,0.177,0.608,0.106,2018,Africa,0.204896
Central African Republic,0.305,0.024,0.218,155,3.083,0.01,0.0,0.038,2018,Africa,0.0
Burundi,0.065,0.091,0.149,156,2.905,0.145,0.627,0.076,2018,Africa,0.057057
Finland,0.596,1.34,0.153,1,7.769,0.986,1.587,0.393,2019,Europe,2.12658
Denmark,0.592,1.383,0.252,2,7.6,0.996,1.573,0.41,2019,Europe,2.175459
Norway,0.603,1.488,0.271,3,7.554,1.028,1.582,0.341,2019,Europe,2.354016
Iceland,0.591,1.38,0.354,4,7.494,1.026,1.624,0.118,2019,Europe,2.24112
Netherlands,0.557,1.396,0.322,5,7.488,0.999,1.522,0.298,2019,Europe,2.1247119999999997
Switzerland,0.572,1.452,0.263,6,7.48,1.052,1.526,0.343,2019,Europe,2.215752
Sweden,0.574,1.387,0.267,7,7.343,1.009,1.487,0.373,2019,Europe,2.062469
New Zealand,0.585,1.303,0.33,8,7.307,1.026,1.557,0.38,2019,Oceania,2.028771
Canada,0.584,1.365,0.285,9,7.278,1.039,1.505,0.308,2019,America,2.054325
Austria,0.532,1.376,0.244,10,7.246,1.016,1.475,0.226,2019,Europe,2.0296
Australia,0.557,1.372,0.332,11,7.228,1.036,1.548,0.29,2019,Oceania,2.1238560000000004
Costa Rica,0.558,1.034,0.144,12,7.167,0.963,1.441,0.093,2019,America,1.489994
Israel,0.371,1.276,0.261,13,7.139,1.029,1.455,0.082,2019,Asia,1.8565800000000001
Luxembourg,0.526,1.609,0.194,14,7.09,1.012,1.479,0.316,2019,Europe,2.379711
United Kingdom,0.45,1.333,0.348,15,7.054,0.996,1.538,0.278,2019,Europe,2.050154
Ireland,0.516,1.499,0.298,16,7.021,0.999,1.553,0.31,2019,Europe,2.327947
Germany,0.495,1.373,0.261,17,6.985,0.987,1.454,0.265,2019,Europe,1.9963419999999998
Belgium,0.473,1.356,0.16,18,6.923,0.986,1.504,0.21,2019,Europe,2.0394240000000003
United States,0.454,1.433,0.28,19,6.892,0.874,1.457,0.128,2019,America,2.0878810000000003
Czech Republic,0.457,1.269,0.046,20,6.852,0.92,1.487,0.036,2019,Europe,1.887003
United Arab Emirates,0.598,1.503,0.262,21,6.825,0.825,1.31,0.182,2019,Asia,1.9689299999999998
Malta,0.564,1.3,0.375,22,6.726,0.999,1.52,0.151,2019,Europe,1.9760000000000002
Mexico,0.433,1.07,0.074,23,6.595,0.861,1.323,0.073,2019,America,1.41561
France,0.436,1.324,0.111,24,6.592,1.045,1.472,0.183,2019,Europe,1.948928
Taiwan,0.351,1.368,0.242,25,6.446,0.914,1.43,0.097,2019,Asia,1.95624
Chile,0.357,1.159,0.187,26,6.444,0.92,1.369,0.056,2019,America,1.586671
Guatemala,0.535,0.8,0.175,27,6.436,0.746,1.269,0.078,2019,America,1.0151999999999999
Saudi Arabia,0.439,1.403,0.08,28,6.375,0.795,1.357,0.132,2019,Asia,1.903871
Qatar,0.555,1.684,0.22,29,6.374,0.871,1.313,0.167,2019,Asia,2.211092
Spain,0.362,1.286,0.153,30,6.354,1.062,1.484,0.079,2019,Europe,1.9084240000000001
Panama,0.516,1.149,0.109,31,6.321,0.91,1.442,0.054,2019,America,1.656858
Brazil,0.39,1.004,0.099,32,6.3,0.802,1.439,0.086,2019,America,1.4447560000000002
Uruguay,0.523,1.124,0.127,33,6.293,0.891,1.465,0.15,2019,America,1.6466600000000002
Singapore,0.556,1.572,0.271,34,6.262,1.141,1.463,0.453,2019,Asia,2.2998360000000004
El Salvador,0.43,0.794,0.093,35,6.253,0.789,1.242,0.074,2019,America,0.986148
Italy,0.231,1.294,0.158,36,6.223,1.039,1.488,0.03,2019,Europe,1.925472
Bahrain,0.536,1.362,0.255,37,6.199,0.871,1.368,0.11,2019,Asia,1.8632160000000002
Slovakia,0.334,1.246,0.121,38,6.198,0.881,1.504,0.014,2019,Europe,1.873984
Trinidad & Tobago,0.489,1.231,0.185,39,6.192,0.713,1.477,0.016,2019,America,1.8181870000000002
Poland,0.483,1.206,0.117,40,6.182,0.884,1.438,0.05,2019,Europe,1.7342279999999999
Uzbekistan,0.631,0.745,0.322,41,6.174,0.756,1.529,0.24,2019,Asia,1.139105
Lithuania,0.291,1.238,0.043,42,6.149,0.818,1.515,0.042,2019,Europe,1.87557
Colombia,0.47,0.985,0.099,43,6.125,0.841,1.41,0.034,2019,America,1.38885
Slovenia,0.564,1.258,0.144,44,6.118,0.953,1.523,0.057,2019,Europe,1.9159339999999998
Nicaragua,0.435,0.694,0.2,45,6.105,0.835,1.325,0.127,2019,America,0.9195499999999999
Kosovo,0.489,0.882,0.262,46,6.1,0.758,1.232,0.006,2019,Europe,1.086624
Argentina,0.471,1.092,0.066,47,6.086,0.881,1.432,0.05,2019,America,1.563744
Romania,0.462,1.162,0.083,48,6.07,0.825,1.232,0.005,2019,Europe,1.431584
Cyprus,0.406,1.263,0.19,49,6.046,1.042,1.223,0.041,2019,Europe,1.544649
Ecuador,0.498,0.912,0.126,50,6.028,0.868,1.312,0.087,2019,America,1.196544
Kuwait,0.493,1.5,0.142,51,6.021,0.808,1.319,0.097,2019,Asia,1.9785
Thailand,0.557,1.05,0.359,52,6.008,0.828,1.409,0.028,2019,Asia,1.4794500000000002
Latvia,0.264,1.187,0.075,53,5.94,0.812,1.465,0.064,2019,Europe,1.7389550000000003
South Korea,0.159,1.301,0.175,54,5.895,1.036,1.219,0.056,2019,Asia,1.585919
Estonia,0.495,1.237,0.103,55,5.893,0.874,1.528,0.161,2019,Europe,1.8901360000000003
Jamaica,0.49,0.831,0.107,56,5.89,0.831,1.478,0.028,2019,America,1.228218
Mauritius,0.498,1.12,0.215,57,5.888,0.798,1.402,0.06,2019,Africa,1.57024
Japan,0.445,1.327,0.069,58,5.886,1.088,1.419,0.14,2019,Asia,1.883013
Honduras,0.507,0.642,0.246,59,5.86,0.828,1.236,0.078,2019,America,0.793512
Kazakhstan,0.41,1.173,0.146,60,5.809,0.729,1.508,0.096,2019,Asia,1.7688840000000001
Bolivia,0.511,0.776,0.137,61,5.779,0.706,1.209,0.064,2019,America,0.9381840000000001
Hungary,0.199,1.201,0.081,62,5.758,0.828,1.41,0.02,2019,Europe,1.69341
Paraguay,0.514,0.855,0.184,63,5.743,0.777,1.475,0.08,2019,America,1.261125
Northern Cyprus,0.417,1.263,0.191,64,5.718,1.042,1.252,0.162,2019,Europe,1.581276
Peru,0.455,0.96,0.083,65,5.697,0.854,1.274,0.027,2019,America,1.22304
Portugal,0.508,1.221,0.047,66,5.693,0.999,1.431,0.025,2019,Europe,1.747251
Pakistan,0.313,0.677,0.22,67,5.653,0.535,0.886,0.098,2019,Asia,0.5998220000000001
Russia,0.334,1.183,0.082,68,5.648,0.726,1.452,0.031,2019,Europe,1.717716
Philippines,0.558,0.807,0.117,69,5.631,0.657,1.293,0.107,2019,Asia,1.043451
Serbia,0.282,1.004,0.137,70,5.603,0.854,1.383,0.039,2019,Europe,1.388532
Moldova,0.245,0.685,0.181,71,5.529,0.739,1.328,0.0,2019,Europe,0.9096800000000002
Libya,0.416,1.044,0.133,72,5.525,0.673,1.303,0.152,2019,Africa,1.3603319999999999
Montenegro,0.197,1.051,0.142,73,5.523,0.871,1.361,0.08,2019,Europe,1.4304109999999999
Tajikistan,0.389,0.493,0.23,74,5.467,0.718,1.098,0.144,2019,Other,0.5413140000000001
Croatia,0.296,1.155,0.119,75,5.432,0.914,1.266,0.022,2019,Europe,1.4622300000000001
Hong Kong,0.44,1.438,0.258,76,5.43,1.122,1.277,0.287,2019,Asia,1.836326
Dominican Republic,0.497,1.015,0.113,77,5.425,0.779,1.401,0.101,2019,America,1.4220149999999998
Bosnia and Herzegovina,0.212,0.945,0.263,78,5.386,0.845,1.212,0.006,2019,Other,1.1453399999999998
Turkey,0.195,1.183,0.083,79,5.373,0.808,1.36,0.106,2019,Asia,1.60888
Malaysia,0.508,1.221,0.26,80,5.339,0.828,1.171,0.024,2019,Asia,1.4297910000000003
Belarus,0.235,1.067,0.094,81,5.323,0.789,1.465,0.142,2019,Europe,1.563155
Greece,0.067,1.181,0.0,82,5.287,0.999,1.156,0.034,2019,Europe,1.365236
Mongolia,0.317,0.948,0.235,83,5.285,0.667,1.531,0.038,2019,Other,1.451388
North Macedonia,0.345,0.983,0.185,84,5.274,0.838,1.294,0.034,2019,Europe,1.272002
Nigeria,0.426,0.696,0.215,85,5.265,0.245,1.111,0.041,2019,Africa,0.7732559999999999
Kyrgyzstan,0.508,0.551,0.3,86,5.261,0.723,1.438,0.023,2019,Asia,0.792338
Turkmenistan,0.394,1.052,0.244,87,5.247,0.657,1.538,0.028,2019,Asia,1.617976
Algeria,0.086,1.002,0.073,88,5.211,0.785,1.16,0.114,2019,Africa,1.16232
Morocco,0.418,0.801,0.036,89,5.208,0.782,0.782,0.076,2019,Africa,0.6263820000000001
Azerbaijan,0.351,1.043,0.035,90,5.208,0.769,1.147,0.182,2019,Asia,1.196321
Lebanon,0.216,0.987,0.166,91,5.197,0.815,1.224,0.027,2019,Asia,1.208088
Indonesia,0.491,0.931,0.498,92,5.192,0.66,1.203,0.028,2019,Asia,1.119993
China,0.521,1.029,0.058,93,5.191,0.893,1.125,0.1,2019,Asia,1.157625
Vietnam,0.543,0.741,0.147,94,5.175,0.851,1.346,0.073,2019,Asia,0.9973860000000001
Bhutan,0.457,0.813,0.37,95,5.082,0.604,1.321,0.167,2019,Asia,1.0739729999999998
Cameroon,0.381,0.549,0.187,96,5.044,0.331,0.91,0.037,2019,Africa,0.49959000000000003
Bulgaria,0.311,1.092,0.081,97,5.011,0.815,1.513,0.004,2019,Europe,1.652196
Ghana,0.381,0.611,0.245,98,4.996,0.486,0.868,0.04,2019,Africa,0.5303479999999999
Ivory Coast,0.352,0.569,0.154,99,4.944,0.232,0.808,0.09,2019,Africa,0.459752
Nepal,0.439,0.446,0.285,100,4.913,0.677,1.226,0.089,2019,Asia,0.546796
Jordan,0.383,0.837,0.11,101,4.906,0.815,1.225,0.13,2019,Asia,1.025325
Benin,0.349,0.393,0.175,102,4.883,0.397,0.437,0.082,2019,Africa,0.171741
Congo (Brazzaville),0.372,0.673,0.105,103,4.812,0.508,0.799,0.093,2019,Africa,0.5377270000000001
Gabon,0.295,1.057,0.043,104,4.799,0.571,1.183,0.055,2019,Africa,1.250431
Laos,0.547,0.764,0.266,105,4.796,0.551,1.03,0.164,2019,Asia,0.7869200000000001
South Africa,0.389,0.96,0.13,106,4.722,0.469,1.351,0.055,2019,Africa,1.29696
Albania,0.383,0.947,0.178,107,4.719,0.874,0.848,0.027,2019,Other,0.803056
Venezuela,0.154,0.96,0.064,108,4.707,0.805,1.427,0.047,2019,America,1.36992
Cambodia,0.609,0.574,0.232,109,4.7,0.637,1.122,0.062,2019,Asia,0.644028
Palestinian Territories,0.225,0.657,0.103,110,4.696,0.672,1.247,0.066,2019,Asia,0.8192790000000001
Senegal,0.292,0.45,0.153,111,4.681,0.571,1.134,0.072,2019,Africa,0.5103
Somalia,0.559,0.0,0.243,112,4.668,0.268,0.698,0.27,2019,Africa,0.0
Namibia,0.401,0.879,0.07,113,4.639,0.477,1.313,0.056,2019,Africa,1.154127
Niger,0.318,0.138,0.188,114,4.628,0.366,0.774,0.102,2019,Africa,0.10681200000000002
Burkina Faso,0.255,0.331,0.177,115,4.587,0.38,1.056,0.113,2019,Africa,0.349536
Armenia,0.283,0.85,0.095,116,4.559,0.815,1.055,0.064,2019,Asia,0.8967499999999999
Iran,0.305,1.1,0.27,117,4.548,0.785,0.842,0.125,2019,Asia,0.9262
Guinea,0.332,0.38,0.207,118,4.534,0.375,0.829,0.086,2019,Africa,0.31501999999999997
Georgia,0.346,0.886,0.043,119,4.519,0.752,0.666,0.164,2019,Asia,0.590076
Gambia,0.382,0.308,0.269,120,4.516,0.428,0.939,0.167,2019,Other,0.28921199999999997
Kenya,0.431,0.512,0.372,121,4.509,0.581,0.983,0.053,2019,Africa,0.503296
Mauritania,0.066,0.57,0.106,122,4.49,0.489,1.167,0.088,2019,Africa,0.66519
Mozambique,0.494,0.204,0.197,123,4.466,0.39,0.986,0.138,2019,Africa,0.201144
Tunisia,0.167,0.921,0.059,124,4.461,0.815,1.0,0.055,2019,Africa,0.921
Bangladesh,0.527,0.562,0.166,125,4.456,0.723,0.928,0.143,2019,Asia,0.5215360000000001
Iraq,0.241,1.043,0.148,126,4.437,0.574,0.98,0.089,2019,Asia,1.0221399999999998
Congo (Kinshasa),0.269,0.094,0.212,127,4.418,0.357,1.125,0.053,2019,Africa,0.10575
Mali,0.327,0.385,0.153,128,4.39,0.308,1.105,0.052,2019,Africa,0.425425
Sierra Leone,0.309,0.268,0.252,129,4.374,0.242,0.841,0.045,2019,Africa,0.225388
Sri Lanka,0.47,0.949,0.244,130,4.366,0.831,1.265,0.047,2019,Asia,1.2004849999999998
Myanmar,0.525,0.71,0.566,131,4.36,0.555,1.181,0.172,2019,Asia,0.83851
Chad,0.174,0.35,0.198,132,4.35,0.192,0.766,0.078,2019,Africa,0.2681
Ukraine,0.178,0.82,0.187,133,4.332,0.739,1.39,0.01,2019,Europe,1.1398
Ethiopia,0.344,0.336,0.209,134,4.286,0.532,1.033,0.1,2019,Africa,0.347088
Swaziland,0.313,0.811,0.074,135,4.212,0.0,1.149,0.135,2019,Africa,0.9318390000000001
Uganda,0.356,0.332,0.252,136,4.189,0.443,1.069,0.06,2019,Africa,0.354908
Egypt,0.241,0.913,0.076,137,4.166,0.644,1.039,0.067,2019,Africa,0.948607
Zambia,0.431,0.578,0.247,138,4.107,0.426,1.058,0.087,2019,Africa,0.611524
Togo,0.293,0.275,0.177,139,4.085,0.41,0.572,0.085,2019,Africa,0.1573
India,0.498,0.755,0.2,140,4.015,0.588,0.765,0.085,2019,Asia,0.5775750000000001
Liberia,0.37,0.073,0.233,141,3.975,0.443,0.922,0.033,2019,Africa,0.067306
Comoros,0.142,0.274,0.275,142,3.973,0.505,0.757,0.078,2019,Africa,0.20741800000000002
Madagascar,0.148,0.274,0.169,143,3.933,0.555,0.916,0.041,2019,Africa,0.25098400000000004
Lesotho,0.359,0.489,0.107,144,3.802,0.168,1.169,0.093,2019,Africa,0.571641
Burundi,0.22,0.046,0.176,145,3.775,0.38,0.447,0.18,2019,Africa,0.020562
Zimbabwe,0.361,0.366,0.151,146,3.663,0.433,1.114,0.089,2019,Africa,0.40772400000000003
Haiti,0.026,0.323,0.419,147,3.597,0.449,0.688,0.11,2019,America,0.22222399999999998
Botswana,0.455,1.041,0.025,148,3.488,0.538,1.145,0.1,2019,Other,1.191945
Syria,0.013,0.619,0.331,149,3.462,0.44,0.378,0.141,2019,Asia,0.233982
Malawi,0.443,0.191,0.218,150,3.41,0.495,0.56,0.089,2019,Other,0.10696000000000001
Yemen,0.143,0.287,0.108,151,3.38,0.463,1.163,0.077,2019,Other,0.333781
Rwanda,0.555,0.359,0.217,152,3.334,0.614,0.711,0.411,2019,Africa,0.255249
Tanzania,0.417,0.476,0.276,153,3.231,0.499,0.885,0.147,2019,Africa,0.42125999999999997
Afghanistan,0.0,0.35,0.158,154,3.203,0.361,0.517,0.025,2019,Asia,0.18095
Central African Republic,0.225,0.026,0.235,155,3.083,0.105,0.0,0.035,2019,Africa,0.0
South Sudan,0.01,0.306,0.202,156,2.853,0.295,0.575,0.091,2019,Africa,0.17595
